,sno,complaint,complaint_type,received_date,incident_date,county,incident_status_desc,incident_zip,incident_closed_date
0,1,426606,"['Air', 'Fumes', 'Odor']",2026-10-02,2026-10-02,Montgomery,Under Investigation,20850,
1,2,426604,"['Air', 'Other']",2026-10-02,2026-10-02,Montgomery,Incident Closed-Managed,,2026-10-05
2,3,426603,['Agricultural'],2026-10-02,2026-10-02,Queen Anne's,Incident Not Applicable to MDE,,
3,4,426599,['ARA AQCP non-regulated entity'],2026-09-28,2026-08-28,Talbot,Incident Closed-Managed,21601,2026-09-29
4,5,426598,['Air'],2026-09-07,2026-09-07,,Referred to Outside Agency,,
5,6,426597,['Air'],2026-09-23,2026-09-23,Harford,Under Investigation,,
6,7,426596,['Air'],2026-09-30,2026-07-20,Cecil,Incident Closed-Managed,,2026-10-05
7,8,426588,"['Air', 'Fugitive Dust/Particulate Matter']",2026-09-30,2026-09-30,Montgomery,Referred to Outside Agency,,
8,9,426585,['Odor'],2026-09-16,2026-09-16,Dorchester,Incident Closed - No further action,21835,2026-09-16
9,10,426574,['ARA AQCP non-regulated entity'],2026-09-15,,Wicomico,Incident Closed-Managed,21850,2026-09-30
10,11,426571,['Air'],2026-09-29,2026-09-29,Anne Arundel,Incident Closed - No further action,21061,2026-10-01
11,12,426570,['Air'],2026-09-28,2026-09-28,Anne Arundel,Incident Closed-No Violation Observed,21226,2026-09-30
12,13,426569,['Air'],2026-09-25,2026-09-25,Anne Arundel,Under Investigation,21401,
13,14,426567,"['Air', 'Noise Complaint', 'Other']",2026-09-28,2026-09-28,Montgomery,Referred to Outside Agency,20868,
14,15,426562,['Other'],2026-09-25,2026-09-25,Prince George's,Incident Closed-Managed,,2026-09-28
15,16,426554,['Air'],2026-09-25,2026-09-25,Anne Arundel,Incident Closed-Managed,,2026-09-25
16,17,426550,['Other'],2026-09-24,2026-09-24,Prince George's,Incident Closed-Managed,,2026-09-25
17,18,426549,['Other'],2026-09-23,2026-09-23,Prince George's,Incident Closed-Managed,20785,2026-09-25
18,19,426539,['Air'],2026-09-23,2026-09-23,Harford,Under Investigation,,
19,20,426537,['Air Pollutant Release'],2026-09-22,2026-09-22,Allegany,Under Investigation,21502,
20,21,426534,['Odor'],2026-09-18,2026-09-18,Washington,Under Investigation,21740,
21,22,426533,['Other'],2026-09-15,2026-09-15,Allegany,Referred to LMA,21502,
22,23,426532,['Other'],2026-09-17,2026-09-17,Prince George's,Incident Closed-Managed,,2026-09-23
23,24,426529,['Air'],2026-09-22,2026-09-02,Anne Arundel,Incident Closed-Managed,,2026-09-22
24,25,426514,['Open Burning'],2026-09-12,2026-09-12,Allegany,Referred to Outside Agency,21557,
25,26,426512,['Other'],2026-09-17,2026-09-17,Prince George's,Incident Closed-Managed,20785,2026-09-18
26,27,426511,['Other'],2026-09-16,2026-09-16,Howard,Incident Closed-Managed,,2026-09-18
27,28,426502,['Air'],2026-09-17,2026-09-17,Frederick,Under Investigation,21703,
28,29,426499,['Other'],2026-09-12,2026-09-12,Prince George's,Incident Closed-Managed,20737,2026-09-28
29,30,426497,['Air'],2026-09-16,2026-09-16,Frederick,Under Investigation,21703,
30,31,426496,['Odor'],2026-09-12,2026-09-12,Dorchester,Incident Closed - No further action,21835,2026-09-12
31,32,426495,['Odor'],2026-09-12,2026-09-12,Dorchester,Incident Closed - No further action,21835,2026-09-12
32,33,426486,"['Air', 'Fumes']",2026-09-15,2026-09-14,Montgomery,Referred to Outside Agency,20903,
33,34,426485,['Air'],2026-09-11,2026-09-11,Montgomery,Incident Closed-Managed,20904,2026-09-15
34,35,426483,['Air'],2026-09-14,2026-09-15,Anne Arundel,Incident Closed-Managed,21226,2026-09-17
35,36,426477,['Air'],2026-09-03,2026-09-03,Anne Arundel,Incident Closed - No further action,21060,2026-09-14
36,37,426476,['Air'],2026-09-10,2026-09-10,Anne Arundel,Incident Closed-Managed,21226,2026-09-17
37,38,426475,['Air'],2026-09-06,2026-09-06,Anne Arundel,Incident Closed-No Violation Observed,21090,2026-09-17
38,39,426474,['Air'],2026-09-14,2026-09-14,Anne Arundel,Under Investigation,21401,
39,40,426473,['Air'],2026-08-28,2026-08-28,Charles,Incident Closed-Managed,20637,2026-09-14
40,41,426471,['Other'],2026-09-04,2026-09-04,Prince George's,Incident Closed-Managed,,2026-09-14
41,42,426470,['Odor'],2026-09-09,2026-09-09,Carroll,Incident Closed-Managed,,2026-09-11
42,43,426469,['Air Pollutant Release'],2026-09-04,2026-09-04,Baltimore City,Incident Closed-Managed,,2026-09-11
43,44,426466,"['Air', 'Fugitive Dust/Particulate Matter']",2026-09-10,2026-09-10,Montgomery,Referred to Outside Agency,20877,
44,45,426453,['Odor'],2026-09-03,2026-09-03,Dorchester,Incident Closed - No further action,21835,2026-09-03
45,46,426452,"['Fugitive Dust/Particulate Matter', 'Fumes', 'Odor']",2026-08-31,2026-08-31,Allegany,Incident Closed - No further action,21501,2026-09-09
46,47,426445,"['Air', 'Odor']",2026-09-04,2026-09-03,Montgomery,Referred to Outside Agency,,
47,48,426425,['Other'],2026-08-31,2026-08-31,Howard,Incident Closed-Managed,,2026-09-04
48,49,426424,['Odor'],2026-08-31,2026-08-31,Dorchester,Incident Closed - No further action,21835,2026-08-31
49,50,426418,['Odor'],2026-08-24,2026-08-24,Baltimore City,Incident Closed-Managed,,2026-09-02
50,51,426412,['Other'],2026-08-31,2026-08-31,Howard,Incident Closed-Managed,,2026-09-04
51,52,426410,['Other'],2026-08-12,2026-08-12,Prince George's,Incident Closed-Managed,20785,2026-09-01
52,53,426408,['Fugitive Dust/Particulate Matter'],2026-08-18,2026-08-18,Allegany,Under Investigation,21542,
53,54,426407,"['Air', 'Fumes', 'Odor']",2026-08-24,2026-08-24,Montgomery,Incident Closed-Managed,20850,2026-08-31
54,55,426406,['Fugitive Dust/Particulate Matter'],2026-08-18,2026-08-18,Allegany,Under Investigation,21542,
55,56,426404,"['Air', 'Fumes', 'Odor']",2026-08-25,2026-08-24,Montgomery,Incident Closed-Managed,20850,2026-08-31
56,57,426393,"['Air', 'Fugitive Dust/Particulate Matter']",2026-08-21,2026-08-21,Montgomery,Referred to Outside Agency,20895,
57,58,426389,['Air'],2026-08-20,2026-08-20,Anne Arundel,Incident Closed - No further action,21140,2026-08-26
58,59,426388,['Air'],2026-08-26,2026-08-26,Charles,Incident Closed-Managed,20622,2026-08-27
59,60,426385,['Air'],2026-08-24,2026-08-24,Baltimore,Referred to Outside Agency,,
60,61,426384,['Air'],2026-08-24,2026-08-24,Harford,Referred to Outside Agency,,
61,62,426378,['Air'],2026-08-24,2026-08-24,Anne Arundel,Under Investigation,21122,
62,63,426377,['Other'],2026-08-19,2026-08-19,Washington,Incident Closed - No further action,21740,2026-08-24
63,64,426374,['Air'],2026-08-21,2026-08-21,Anne Arundel,Incident Closed-No Violation Observed,21113,2026-09-16
64,65,426373,['Air'],2026-08-23,2026-08-23,Anne Arundel,Incident Closed-Managed,21226,2026-09-17
65,66,426367,['Other'],2026-08-20,2026-08-20,Prince George's,Incident Closed-Managed,20785,2026-08-21
66,67,426365,"['Air', 'Fugitive Dust/Particulate Matter']",2026-08-20,2026-08-20,Montgomery,Referred to Outside Agency,20895,
67,68,426363,"['Air', 'Fugitive Dust/Particulate Matter', 'Odor']",2026-08-19,2026-08-19,Montgomery,Referred to Outside Agency,20815,
68,69,426359,['Odor'],2026-08-19,2026-08-19,Prince George's,Incident Closed-Managed,,2026-08-21
69,70,426354,['Air'],2026-08-18,2026-08-18,Cecil,Under Investigation,,
70,71,426353,['Air'],2026-08-17,2026-08-17,Cecil,Under Investigation,,
71,72,426346,['Air'],2026-08-17,2026-08-17,Charles,Incident Closed-Managed,,2026-08-17
72,73,426345,['Air'],2026-08-14,2026-08-14,Frederick,Under Investigation,21704,
73,74,426343,"['Odor', 'Open Burning', 'Smoke']",2026-08-16,2026-08-16,Washington,Referred to Outside Agency,21740,
74,75,426342,['Other'],2026-08-10,2026-08-10,Allegany,Incident Closed - No further action,21532,2026-08-17
75,76,426334,['Other'],2026-08-14,2026-08-14,Prince George's,Incident Closed-Managed,,2026-08-14
76,77,426319,['Fugitive Dust/Particulate Matter'],2026-08-06,2026-08-06,Baltimore City,Incident Closed-Managed,,2026-08-12
77,78,426317,['Fugitive Dust/Particulate Matter'],2026-07-14,2026-07-14,Baltimore City,Incident Closed-Managed,,2026-08-12
78,79,426316,['Fugitive Dust/Particulate Matter'],2026-08-04,2026-08-04,Baltimore City,Incident Closed-Managed,,2026-08-12
79,80,426315,['Odor'],2026-07-28,2026-07-28,Baltimore City,Incident Closed-Managed,,2026-08-12
80,81,426311,['ARA AQCP non-regulated entity'],2026-08-10,2026-08-10,Talbot,Incident Closed - No further action,,2026-08-10
81,82,426304,['Odor'],2026-07-30,2026-07-30,Dorchester,Incident Closed - No further action,21835,2026-07-30
82,83,426303,['Odor'],2026-07-31,2026-07-31,Dorchester,Incident Closed - No further action,21835,2026-07-31
83,84,426286,['Air'],2026-08-04,2026-08-04,Anne Arundel,Incident Closed - No further action,21061,2026-08-05
84,85,426284,['Other'],2026-08-04,2026-08-04,Howard,Incident Closed-Managed,,2026-08-05
85,86,426282,['Open Burning'],2026-08-03,2026-08-03,Washington,Referred to Outside Agency,21740,
86,87,426279,['Other'],2026-08-03,2026-08-03,Allegany,Incident Closed - No further action,21532,2026-08-04
87,88,426278,['Odor'],2026-08-03,2026-07-31,Allegany,Under Investigation,21502,
88,89,426274,['Air'],2026-07-31,2026-07-31,Anne Arundel,Incident Closed-Managed,21090,2026-09-17
89,90,426273,['Air'],2026-08-03,2026-08-03,Anne Arundel,Under Investigation,21114,
90,91,426272,['Air'],2026-08-01,2026-08-01,Frederick,Incident Closed-No Violation Observed,21701,2026-09-28
91,92,426271,['Air'],2026-07-28,2026-07-28,Anne Arundel,Referred to LMA,21225,
92,93,426270,['Air'],2026-07-27,2026-07-27,Anne Arundel,Incident Closed-No Violation Observed,21076,2026-08-04
93,94,426261,['Other'],2026-07-28,2026-07-28,Prince George's,Incident Closed-Managed,,2026-07-31
94,95,426260,['Other'],2026-07-28,2026-07-27,Prince George's,Incident Closed-Managed,,2026-08-10
95,96,426253,"['Air', 'Open Burning', 'Smoke']",2026-07-24,2026-07-24,St. Mary's,Referred to Outside Agency,,
96,97,426252,['Odor'],2026-07-25,2026-07-25,Dorchester,Incident Closed - No further action,21835,2026-07-25
97,98,426251,['Odor'],2026-07-18,2026-07-18,Dorchester,Incident Closed - No further action,21835,2026-07-18
98,99,426243,['Fugitive Dust/Particulate Matter'],2026-07-28,2026-07-27,Garrett,Under Investigation,21550,
99,100,426239,['Other'],2026-07-16,2026-07-16,Allegany,Incident Closed - No further action,21501,2026-07-27
100,101,426220,['Air'],2026-07-22,2026-07-22,Anne Arundel,Under Investigation,,
101,102,426217,['Other'],2026-07-20,2026-07-20,Howard,Incident Closed-Managed,21044,2026-08-05
102,103,426216,['Other'],2026-07-22,2026-07-17,Howard,Incident Closed-Managed,21044,2026-08-10
103,104,426215,['Air'],2026-07-19,2026-07-19,Charles,Under Investigation,20646,
104,105,426214,['Air'],2026-07-20,2026-07-20,Anne Arundel,Incident Closed-Managed,21122,2026-07-22
105,106,426211,['Smoke'],2026-07-20,2026-07-20,Baltimore City,Incident Closed-Managed,21212,2026-07-22
106,107,426210,['Smoke'],2026-07-20,2026-07-20,Baltimore City,Incident Closed-Managed,21212,2026-07-22
107,108,426209,['Smoke'],2026-07-20,2026-07-20,Baltimore City,Incident Closed-Managed,21212,2026-07-22
108,109,426208,['Air'],2026-07-20,2026-07-20,Carroll,Incident Closed - No further action,,2026-07-22
109,110,426207,['Smoke'],2026-07-20,2026-07-20,Baltimore City,Incident Closed-Managed,21212,2026-07-22
110,111,426206,['Open Burning'],2026-07-17,2026-07-17,Carroll,Incident Closed-Managed,,2026-07-22
111,112,426205,['Air'],2026-07-10,2026-07-10,Baltimore,Under Investigation,,
112,113,426204,['ARA AQCP non-regulated entity'],2026-07-15,2026-07-15,Carroll,Incident Closed-Managed,,2026-07-22
113,114,426203,['Air'],2026-07-15,2026-07-15,Cecil,Referred to Outside Agency,,
114,115,426202,['Air'],2026-07-17,2026-07-17,,Referred to ARA,,
115,116,426201,['Fugitive Dust/Particulate Matter'],2026-07-14,2026-07-14,Carroll,Incident Closed-Managed,,2026-07-22
116,117,426200,['Air'],2026-07-17,2026-07-17,Baltimore,Referred to Outside Agency,,
117,118,426199,['Air'],2026-07-17,2026-07-17,Worcester,Incident Closed-Managed,,2026-07-22
118,119,426198,['Smoke'],2026-07-13,2026-07-13,Baltimore City,Incident Closed-Managed,21212,2026-07-22
119,120,426197,['Air'],2026-07-20,2026-07-20,Baltimore,Under Investigation,,
120,121,426196,['Fugitive Dust/Particulate Matter'],2026-07-10,2026-07-10,Baltimore City,Incident Closed-Managed,,2026-07-22
121,122,426195,['Air'],2026-07-21,2026-07-21,Harford,Under Investigation,,
122,123,426194,['Air'],2026-07-21,2026-07-21,Baltimore,Referred to Outside Agency,,
123,124,426193,['Other'],2026-07-10,2026-07-10,Washington,Incident Closed - No further action,,2026-07-22
124,125,426191,['Air Pollutant Release'],2026-07-10,2026-07-10,Baltimore City,Incident Closed-Managed,,2026-07-22
125,126,426187,['ARA AQCP non-regulated entity'],2026-07-21,2026-07-16,Talbot,Incident Closed - No further action,21625,2026-07-16
126,127,426176,['Other'],2026-07-15,2026-07-15,Howard,Incident Closed-Managed,21044,2026-08-05
127,128,426175,['Other'],2026-07-17,2026-07-16,Howard,Incident Closed-Managed,,2026-07-17
128,129,426174,['Other'],2026-07-15,2026-07-15,Howard,Incident Closed-Managed,,2026-07-17
129,130,426164,['Air'],2026-07-15,2026-07-01,Anne Arundel,Incident Closed-Managed,,2026-07-15
130,131,426153,['Air'],2026-07-13,2026-07-13,,Referred to Outside Agency,,
131,132,426149,['Other'],2026-07-09,2026-07-09,Prince George's,Incident Closed-Managed,,2026-07-10
132,133,426148,['Other'],2026-07-08,2026-07-08,Prince George's,Incident Closed-Managed,20785,2026-07-10
133,134,426139,['Air'],2026-07-06,2026-07-06,Cecil,Referred to Outside Agency,,
134,135,426137,['Lead Paint Poisoning Complaint'],2026-07-07,,Allegany,Referred to LMA,,
135,136,426133,['Open Burning'],2026-07-04,2026-07-04,Washington,Referred to Outside Agency,21740,
136,137,426132,"['Odor', 'Open Burning', 'Smoke']",2026-07-02,2026-07-02,Garrett,Referred to Outside Agency,21531,
137,138,426130,"['Noise Complaint', 'Other', 'Smoke']",2026-07-02,2026-07-02,Allegany,Incident Closed - No further action,21502,2026-07-07
138,139,426128,['Air'],2026-07-07,2026-07-06,Anne Arundel,Incident Closed-Managed,21225,2026-07-20
139,140,426127,['Air'],2026-07-06,2026-07-06,Anne Arundel,Incident Closed - No further action,21122,2026-07-13
140,141,426126,['Other'],2026-07-01,2026-07-01,Washington,Referred to ARA,21740,
141,142,426125,"['Odor', 'Smoke']",2026-06-29,2026-06-27,Allegany,Referred to Outside Agency,21502,
142,143,426123,['Other'],2026-06-23,2026-06-23,Allegany,Incident Closed - No further action,21502,2026-07-07
143,144,426120,['Air'],2026-07-02,,Cecil,Incident Closed-Managed,,2026-07-06
144,145,426115,"['Air', 'Fugitive Dust/Particulate Matter', 'Groundwater Contamination', 'Other']",2026-06-24,2026-06-24,Cecil,Referred to WMA,21921,
145,146,426099,['Air'],2026-06-29,2026-06-29,Baltimore,Incident Closed-Managed,,2026-06-30
146,147,426094,['Odor'],2026-06-26,2026-06-24,Howard,Incident Closed - No further action,20723,2026-06-26
147,148,426094,['Odor'],2026-06-24,2026-06-24,Howard,Incident Closed - No further action,20723,2026-06-26
148,149,426092,['Other'],2026-06-26,2026-06-26,Not Yet Determined,Incident Closed-Managed,,2026-06-29
149,150,426085,['Air'],2026-06-26,2026-06-26,Charles,Under Investigation,,
150,151,426084,['Air'],2026-06-26,2026-06-26,Anne Arundel,Incident Closed-No Violation Observed,21061,2026-06-30
151,152,426083,['Air'],2026-06-26,2026-06-26,Frederick,Incident Closed-Managed,21788,2026-06-29
152,153,426074,"['Air', 'Open Burning', 'Smoke']",2026-06-21,2026-06-19,St. Mary's,Referred to Outside Agency,20674,
153,154,426072,['Air'],2026-06-19,2026-06-18,Baltimore,Incident Closed-Managed,,2026-07-08
154,155,426064,"['Fugitive Dust/Particulate Matter', 'Fumes']",2026-06-23,2026-06-17,Montgomery,Referred to Outside Agency,20833,
155,156,426063,['ARA AQCP non-regulated entity'],2026-06-25,2026-06-12,Dorchester,Incident Closed-Managed,21613,2026-06-12
156,157,416053,['Odor'],2026-06-24,2026-06-24,Baltimore City,Incident Closed - No further action,,2026-06-24
157,158,416052,['Fugitive Dust/Particulate Matter'],2026-06-22,2026-06-22,Baltimore City,Incident Closed-Managed,,2026-06-24
158,159,416051,['Odor'],2026-06-16,2026-06-16,Baltimore City,Incident Closed-Managed,,2026-06-24
159,160,416045,['Air'],2026-06-18,2026-06-18,Not Yet Determined,Incident Closed - No further action,,2026-06-23
160,161,416037,['Odor'],2026-06-22,2026-06-18,Howard,Incident Closed - No further action,20723,2026-06-22
161,162,416037,['Odor'],2026-06-21,2026-06-18,Howard,Incident Closed - No further action,20723,2026-06-22
162,163,416037,['Odor'],2026-06-18,2026-06-18,Howard,Incident Closed - No further action,20723,2026-06-22
163,164,416036,['Odor'],2026-06-22,2026-06-17,Baltimore,Incident Closed - No further action,21222,2026-06-17
164,165,416031,"['Fugitive Dust/Particulate Matter', 'Fumes', 'Noise Complaint']",2026-06-15,2026-06-13,Garrett,Incident Closed - No further action,21531,2026-07-13
165,166,416030,"['Odor', 'Open Burning', 'Smoke']",2026-06-11,2026-06-11,Garrett,Incident Closed-Managed,21550,2026-06-18
166,167,416024,['Air'],2026-06-16,2026-06-16,Baltimore,Referred to Outside Agency,,
167,168,416023,['Air'],2026-06-15,2026-06-15,Harford,Incident Closed-No Violation Observed,,2026-06-17
168,169,416021,['Odor'],2026-06-16,2026-06-16,Baltimore City,Incident Closed-Managed,,2026-06-16
169,170,416020,['ARA AQCP non-regulated entity'],2026-06-15,2026-06-15,Baltimore City,Incident Closed - No further action,,2026-06-16
170,171,416017,['Fugitive Dust/Particulate Matter'],2026-06-15,2026-06-15,Baltimore City,Incident Closed-Managed,,2026-06-16
171,172,416016,['Odor'],2026-06-15,2026-06-15,Baltimore City,Incident Closed - No further action,,2026-06-16
172,173,416015,['Open Burning'],2026-06-15,2026-06-15,Carroll,Incident Closed-Managed,,2026-06-16
173,174,416011,['Odor'],2026-06-13,2026-06-13,Howard,Incident Closed - No further action,20723,2026-06-14
174,175,416011,['Odor'],2026-06-14,2026-06-13,Howard,Incident Closed - No further action,20723,2026-06-14
175,176,416011,['Odor'],2026-06-14,2026-06-13,Howard,Incident Closed - No further action,20723,2026-06-14
176,177,416004,['Air'],2026-06-13,2026-06-13,Anne Arundel,Incident Closed - No further action,21401,2026-06-15
177,178,416003,['Air'],2026-06-12,2026-06-12,Anne Arundel,Incident Closed-Managed,,2026-07-20
178,179,416000,['Odor'],2026-06-11,2026-06-11,Howard,Incident Closed - No further action,20723,2026-06-11
179,180,415984,['Air'],2026-06-10,2026-06-10,Charles,Incident Closed - No further action,20602,2026-08-13
180,181,415983,['Air'],2026-06-09,2026-06-09,Charles,Incident Closed - No further action,20602,2026-08-11
181,182,415982,['Air'],2026-06-09,2026-06-09,Frederick,Incident Closed-No Violation Observed,,2026-06-23
182,183,415981,['Air'],2026-06-09,2026-06-09,Frederick,Incident Closed - No further action,,2026-06-11
183,184,415975,['Other'],2026-06-08,2026-06-08,Allegany,Referred to Outside Agency,21502,
184,185,415974,"['Air', 'Asbestos Complaint', 'Fugitive Dust/Particulate Matter']",2026-06-08,2026-06-08,Montgomery,Incident Closed-Managed,20815,2026-08-20
185,186,415973,['Other'],2026-06-08,2026-06-08,Not Yet Determined,Incident Closed-Managed,,2026-06-09
186,187,415969,['Air'],2026-06-07,2026-06-07,Anne Arundel,Incident Closed - No further action,,2026-06-23
187,188,415968,['Air'],2026-06-07,2026-06-07,Charles,Incident Closed - No further action,,2026-06-23
188,189,415967,['Air'],2026-06-07,2026-06-07,Anne Arundel,Incident Closed - No further action,21037,2026-06-23
189,190,415966,['Air'],2026-06-05,2026-06-05,Charles,Incident Closed-No Violation Observed,20695,2026-06-16
190,191,415965,['Air'],2026-06-05,2026-06-05,Frederick,Incident Closed-No Violation Observed,21230,2026-06-10
191,192,415963,['Other'],2026-06-01,2026-06-01,Allegany,Incident Closed - No further action,21532,2026-06-08
192,193,415960,"['Air', 'Other']",2026-06-05,2026-06-05,Carroll,Incident Closed-Managed,,2026-06-05
193,194,415954,['Other'],2026-05-19,2026-05-19,Allegany,Referred to Outside Agency,21502,
194,195,415952,['ARA AQCP non-regulated entity'],2026-06-04,,Talbot,Incident Closed-No Violation Observed,21657,2026-06-03
195,196,415952,['ARA AQCP non-regulated entity'],2026-06-03,,Talbot,Incident Closed-No Violation Observed,21657,2026-06-03
196,197,415952,['ARA AQCP non-regulated entity'],2026-06-03,,Talbot,Incident Closed-No Violation Observed,21657,2026-06-03
197,198,415942,['ARA AQCP non-regulated entity'],2026-06-02,,Talbot,Incident Closed-No Violation Observed,21679,2026-06-03
198,199,415938,"['Agricultural', 'Odor']",2026-06-03,2026-06-03,Carroll,Referred to Outside Agency,21158,
199,200,415936,['ARA AQCP non-regulated entity'],2026-06-01,2026-06-01,Baltimore City,Incident Closed - No further action,,2026-06-03
200,201,415935,['Fugitive Dust/Particulate Matter'],2026-05-30,2026-05-30,Baltimore City,Incident Closed-Managed,,2026-06-03
201,202,415925,['Air'],2026-05-31,2026-05-31,Anne Arundel,Incident Closed-No Violation Observed,21060,2026-06-10
202,203,415924,['Air'],2026-05-26,2026-05-26,Frederick,Incident Closed - No further action,,2026-06-23
203,204,415922,"['Air', 'Asbestos Complaint', 'Hazardous Waste']",2026-05-28,2026-05-28,Montgomery,Referred to Outside Agency,20817,
204,205,415914,['Air'],2026-05-27,,Talbot,Incident Closed-Managed,21657,2026-05-28
205,206,415909,['Other'],2026-05-27,2026-05-27,Prince George's,Incident Closed-Managed,,2026-05-29
206,207,415896,['Fugitive Dust/Particulate Matter'],2026-05-18,2026-05-18,Baltimore City,Incident Closed-Managed,,2026-05-27
207,208,415895,['Odor'],2026-05-18,2026-05-18,Baltimore City,Incident Closed-Managed,,2026-05-27
208,209,415894,['Odor'],2026-05-11,2026-05-11,Baltimore City,Incident Closed-Managed,,2026-05-27
209,210,415889,['Air'],2026-05-26,2026-05-14,Baltimore,Incident Closed-No Violation Observed,,2026-05-26
210,211,405887,"['Air', 'Fugitive Dust/Particulate Matter']",2026-05-15,2026-05-15,Montgomery,Incident Closed-Managed,20877,2026-05-21
211,212,405885,['ARA AQCP non-regulated entity'],2026-05-18,,Worcester,Incident Closed-No Violation Observed,21613,2026-05-20
212,213,405884,['ARA AQCP non-regulated entity'],2026-05-21,,Worcester,Incident Closed-Managed,21843,2026-05-21
213,214,405883,['Air'],2026-05-21,2026-05-21,Frederick,Incident Closed - No further action,,2026-05-21
214,215,405867,"['Air', 'Odor']",2026-05-18,2026-05-13,Carroll,Referred to Outside Agency,21784,
215,216,405857,['Air'],2026-05-15,2026-05-15,Anne Arundel,Incident Closed - No further action,,2026-06-10
216,217,405855,"['Air', 'Open Burning']",2026-05-15,2026-05-14,Cecil,Referred to Outside Agency,21921,
217,218,405854,"['Air', 'Air Pollutant Release', 'Fumes']",2026-05-15,2026-03-03,Montgomery,Incident Closed-Managed,20850,2026-08-31
218,219,405852,['Open Burning'],2026-05-14,,Allegany,Under Investigation,21532,
219,220,405851,['Unknown Substance'],2026-05-13,2026-05-12,Allegany,Incident Closed - No further action,21502,2026-05-15
220,221,405849,['Other'],2026-05-13,2026-05-13,Howard,Incident Closed-Managed,,2026-05-15
221,222,405848,['Other'],2026-05-13,2026-05-13,Howard,Incident Closed-Managed,,2026-05-15
222,223,405847,['Other'],2026-05-12,2026-05-12,Prince George's,Incident Closed-Managed,,2026-05-15
223,224,405843,"['Air', 'Other']",2026-05-12,2026-05-11,Carroll,Incident Closed - No further action,,2026-05-18
224,225,405841,['ARA AQCP non-regulated entity'],2026-05-14,,Worcester,Incident Closed-No Violation Observed,,2026-05-14
225,226,405839,['ARA AQCP non-regulated entity'],2026-05-14,,Worcester,Incident Closed-No Violation Observed,21842,2026-05-12
226,227,405835,['Air'],2026-05-13,2026-05-13,Frederick,Incident Closed-Managed,21702,2026-06-03
227,228,405834,['Air'],2026-05-12,2026-05-12,Anne Arundel,Incident Closed-No Violation Observed,21113,2026-05-13
228,229,405830,['Other'],2026-05-11,2026-05-11,Prince George's,Incident Closed-Managed,,2026-05-12
229,230,405829,['Other'],2026-05-05,2026-05-05,Howard,Incident Closed-Managed,21044,2026-05-12
230,231,405828,['Other'],2026-05-08,2026-05-08,Prince George's,Incident Closed-Managed,,2026-05-12
231,232,405824,['Odor'],2026-05-08,2026-05-08,Baltimore City,Incident Closed - No further action,21224,2026-05-08
232,233,405819,"['Air', 'Fugitive Dust/Particulate Matter']",2026-05-05,2026-05-05,Cecil,Incident Closed-Managed,21921,2026-07-02
233,234,405804,"['Air', 'Odor']",2026-05-04,2026-05-04,Carroll,Referred to WMA,21102,
234,235,405803,"['Air', 'Fugitive Dust/Particulate Matter']",2026-05-05,2026-05-05,Montgomery,Referred to Outside Agency,20877,
235,236,405797,['ARA AQCP non-regulated entity'],2026-04-28,2026-04-28,Baltimore City,Incident Closed-Managed,,2026-05-06
236,237,405794,['Odor'],2026-04-28,2026-04-28,Baltimore City,Incident Closed-Managed,,2026-05-06
237,238,405790,['Fugitive Dust/Particulate Matter'],2026-04-27,2026-04-27,Baltimore City,Incident Closed-Managed,,2026-05-06
238,239,405789,['Odor'],2026-04-13,2026-04-13,Baltimore City,Incident Closed-Managed,,2026-05-06
239,240,405786,['Odor'],2026-04-29,2026-04-29,Dorchester,Incident Closed - No further action,21835,2026-04-29
240,241,405779,['Fugitive Dust/Particulate Matter'],2026-04-15,2026-04-15,Washington,Incident Closed-Managed,21740,2026-05-04
241,242,405778,['Odor'],2026-05-01,2026-05-01,Allegany,Referred to Outside Agency,21502,
242,243,405776,['Air'],2026-05-04,2026-05-01,Anne Arundel,Incident Closed - No further action,,2026-05-04
243,244,405775,['Air'],2026-05-01,2026-05-01,Anne Arundel,Incident Closed - No further action,,2026-05-04
244,245,405773,['ARA AQCP non-regulated entity'],2026-05-04,2026-05-04,Worcester,Incident Closed-Managed,21851,2026-05-04
245,246,405767,['Other'],2026-04-29,2026-04-29,Prince George's,Incident Closed-Managed,20785,2026-05-01
246,247,405766,['Other'],2026-04-27,2026-04-27,Prince George's,Incident Closed-Managed,20785,2026-05-01
247,248,405765,"['Agricultural', 'Air', 'Odor']",2026-04-22,2026-04-22,Carroll,Referred to Outside Agency,21784,
248,249,405764,"['Agricultural', 'Air', 'Odor']",2026-04-22,2026-04-22,Carroll,Referred to Outside Agency,21784,
249,250,405763,"['Agricultural', 'Air', 'Odor']",2026-04-22,2026-04-22,Carroll,Referred to Outside Agency,21784,
250,251,405762,"['Agricultural', 'Air', 'Odor']",2026-04-27,2026-04-24,Carroll,Referred to Outside Agency,21784,
251,252,405761,"['Agricultural', 'Air', 'Odor']",2026-04-24,2026-04-24,Carroll,Referred to Outside Agency,21784,
252,253,405760,"['Agricultural', 'Air', 'Odor']",2026-04-24,2026-04-24,Carroll,Referred to Outside Agency,21784,
253,254,405756,"['Agricultural', 'Air', 'Odor']",2026-04-30,2026-04-24,Carroll,Referred to Outside Agency,21784,
254,255,405755,"['Agricultural', 'Air', 'Odor']",2026-04-27,2026-04-24,Carroll,Referred to Outside Agency,21784,
255,256,405753,"['Agricultural', 'Air', 'Odor']",2026-04-27,2026-04-24,Carroll,Referred to Outside Agency,21784,
256,257,405752,"['Agricultural', 'Air', 'Odor']",2026-04-27,2026-04-24,Carroll,Referred to Outside Agency,21784,
257,258,405751,"['Agricultural', 'Air', 'Odor']",2026-04-28,2026-04-27,Carroll,Referred to Outside Agency,,
258,259,405750,"['Agricultural', 'Air', 'Odor']",2026-04-27,2026-04-24,Carroll,Referred to Outside Agency,21784,
259,260,405749,"['Agricultural', 'Air', 'Odor']",2026-04-27,2026-04-24,Carroll,Referred to Outside Agency,21784,
260,261,405748,"['Agricultural', 'Air', 'Odor']",2026-04-27,2026-04-24,Carroll,Referred to Outside Agency,21784,
261,262,405747,"['Agricultural', 'Air', 'Odor']",2026-04-27,2026-04-24,Carroll,Referred to Outside Agency,21784,
262,263,405746,"['Agricultural', 'Air', 'Odor']",2026-04-27,2026-04-25,Carroll,Referred to Outside Agency,21784,
263,264,405745,"['Agricultural', 'Air', 'Odor']",2026-04-23,2026-04-23,Carroll,Referred to Outside Agency,21784,
264,265,405744,['Air'],2026-04-22,2026-04-22,Cecil,Incident Closed-Managed,21921,2026-04-29
265,266,405742,"['Air', 'Fumes', 'Odor', 'Open Burning', 'Smoke']",2026-04-27,2026-04-24,Cecil,Referred to Outside Agency,21911,
266,267,405727,['Odor'],2026-04-22,2026-04-22,Baltimore City,Incident Closed - No further action,21224,2026-04-22
267,268,395710,['Other'],2026-04-18,2026-04-18,Prince George's,Incident Closed-Managed,,2026-04-20
268,269,395709,['Other'],2026-04-16,2026-04-16,Howard,Incident Closed-Managed,,2026-05-12
269,270,395708,['Other'],2026-04-15,2026-04-16,Howard,Incident Closed-Managed,,2026-05-12
270,271,395705,"['Air', 'Fumes', 'Odor', 'Other']",2026-04-17,2026-04-17,Montgomery,Referred to Outside Agency,20852,
271,272,395704,"['Air', 'Fumes', 'Odor', 'Other']",2026-04-16,2026-04-16,Cecil,Incident Closed-Managed,21903,2026-04-17
272,273,395687,['Air'],2026-04-14,2026-04-14,Frederick,Incident Closed-No Violation Observed,21710,2026-04-28
273,274,395686,['Air'],2026-04-11,2026-04-11,Anne Arundel,Incident Closed-Managed,21061,2026-04-22
274,275,395683,['Fugitive Dust/Particulate Matter'],2026-04-14,2026-04-14,Washington,Incident Closed - No further action,21742,2026-06-11
275,276,395682,"['Odor', 'Smoke']",2026-04-14,2026-04-10,Allegany,Incident Closed-No Violation Observed,21502,2026-06-08
276,277,395673,"['Air', 'Asbestos Complaint', 'Fugitive Dust/Particulate Matter', 'Other']",2026-04-10,2026-04-10,Montgomery,Referred to Outside Agency,,
277,278,395671,['Air'],2026-04-01,2026-04-01,Baltimore,Incident Closed-No Violation Observed,,2026-04-13
278,279,395669,['ARA AQCP non-regulated entity'],2026-04-09,2026-04-04,Caroline,Incident Closed-No Violation Observed,21632,2026-04-10
279,280,395666,"['Fugitive Dust/Particulate Matter', 'Suspected Operation without Permit']",2026-04-08,2026-04-08,Garrett,Incident Closed - No further action,,2026-06-04
280,281,395665,['ARA AQCP non-regulated entity'],2026-04-06,2026-04-05,Worcester,Incident Closed-Managed,21851,2026-04-06
281,282,395663,['Open Burning'],2026-03-31,2026-03-24,Washington,Referred to Outside Agency,21740,
282,283,395628,['Odor'],2026-04-04,2026-04-04,Howard,Incident Closed - No further action,20723,2026-04-04
283,284,395619,['Fugitive Dust/Particulate Matter'],2026-03-24,2026-03-24,Allegany,Incident Closed - No further action,21502,2026-04-03
284,285,395616,['Other'],2026-03-31,2026-03-31,Howard,Incident Closed-Managed,,2026-04-03
285,286,395615,['Other'],2026-04-01,2026-04-01,Prince George's,Incident Closed-Managed,,2026-04-03
286,287,395613,['Odor'],2026-04-01,2026-04-01,Howard,Incident Closed - No further action,20723,2026-04-01
287,288,395612,['Odor'],2026-03-25,2026-03-25,Howard,Incident Closed - No further action,20723,2026-03-29
288,289,395612,['Odor'],2026-03-25,2026-03-25,Howard,Incident Closed - No further action,20723,2026-03-29
289,290,395612,['Odor'],2026-03-27,2026-03-25,Howard,Incident Closed - No further action,20723,2026-03-29
290,291,395612,['Odor'],2026-03-25,2026-03-25,Howard,Incident Closed - No further action,20723,2026-03-29
291,292,395612,['Odor'],2026-03-26,2026-03-25,Howard,Incident Closed - No further action,20723,2026-03-29
292,293,395612,['Odor'],2026-03-25,2026-03-25,Howard,Incident Closed - No further action,20723,2026-03-29
293,294,395612,['Odor'],2026-03-25,2026-03-25,Howard,Incident Closed - No further action,20723,2026-03-29
294,295,395612,['Odor'],2026-03-25,2026-03-25,Howard,Incident Closed - No further action,20723,2026-03-29
295,296,395612,['Odor'],2026-03-27,2026-03-25,Howard,Incident Closed - No further action,20723,2026-03-29
296,297,395612,['Odor'],2026-03-26,2026-03-25,Howard,Incident Closed - No further action,20723,2026-03-29
297,298,395612,['Odor'],2026-03-26,2026-03-25,Howard,Incident Closed - No further action,20723,2026-03-29
298,299,395612,['Odor'],2026-03-25,2026-03-25,Howard,Incident Closed - No further action,20723,2026-03-29
299,300,395612,['Odor'],2026-03-29,2026-03-25,Howard,Incident Closed - No further action,20723,2026-03-29
300,301,395612,['Odor'],2026-03-25,2026-03-25,Howard,Incident Closed - No further action,20723,2026-03-29
301,302,395612,['Odor'],2026-03-29,2026-03-25,Howard,Incident Closed - No further action,20723,2026-03-29
302,303,395612,['Odor'],2026-03-25,2026-03-25,Howard,Incident Closed - No further action,20723,2026-03-29
303,304,395612,['Odor'],2026-03-29,2026-03-25,Howard,Incident Closed - No further action,20723,2026-03-29
304,305,395612,['Odor'],2026-03-26,2026-03-25,Howard,Incident Closed - No further action,20723,2026-03-29
305,306,395612,['Odor'],2026-03-29,2026-03-25,Howard,Incident Closed - No further action,20723,2026-03-29
306,307,395612,['Odor'],2026-03-26,2026-03-25,Howard,Incident Closed - No further action,20723,2026-03-29
307,308,395612,['Odor'],2026-03-26,2026-03-25,Howard,Incident Closed - No further action,20723,2026-03-29
308,309,395612,['Odor'],2026-03-26,2026-03-25,Howard,Incident Closed - No further action,20723,2026-03-29
309,310,395612,['Odor'],2026-03-26,2026-03-25,Howard,Incident Closed - No further action,20723,2026-03-29
310,311,395612,['Odor'],2026-03-29,2026-03-25,Howard,Incident Closed - No further action,20723,2026-03-29
311,312,395612,['Odor'],2026-03-26,2026-03-25,Howard,Incident Closed - No further action,20723,2026-03-29
312,313,395612,['Odor'],2026-03-26,2026-03-25,Howard,Incident Closed - No further action,20723,2026-03-29
313,314,395612,['Odor'],2026-03-26,2026-03-25,Howard,Incident Closed - No further action,20723,2026-03-29
314,315,395612,['Odor'],2026-03-26,2026-03-25,Howard,Incident Closed - No further action,20723,2026-03-29
315,316,395612,['Odor'],2026-03-27,2026-03-25,Howard,Incident Closed - No further action,20723,2026-03-29
316,317,395612,['Odor'],2026-03-26,2026-03-25,Howard,Incident Closed - No further action,20723,2026-03-29
317,318,395612,['Odor'],2026-03-29,2026-03-25,Howard,Incident Closed - No further action,20723,2026-03-29
318,319,395612,['Odor'],2026-03-26,2026-03-25,Howard,Incident Closed - No further action,20723,2026-03-29
319,320,395612,['Odor'],2026-03-29,2026-03-25,Howard,Incident Closed - No further action,20723,2026-03-29
320,321,395612,['Odor'],2026-04-02,2026-03-25,Howard,Incident Closed - No further action,20723,2026-03-29
321,322,395612,['Odor'],2026-04-02,2026-03-25,Howard,Incident Closed - No further action,20723,2026-03-29
322,323,395599,['Other'],2026-03-29,2026-03-29,Prince George's,Incident Closed-Managed,,2026-03-31
323,324,395594,['Air'],2026-03-26,2026-03-26,Baltimore,Referred to LMA,,
324,325,395593,"['Air', 'Odor', 'Open Burning']",2026-03-25,2026-03-24,Cecil,Referred to Outside Agency,21901,
325,326,395591,['Other'],2026-03-23,2026-03-23,Carroll,Referred to Outside Agency,21102,
326,327,395589,['Fugitive Dust/Particulate Matter'],2026-03-25,2026-03-25,St. Mary's,Incident Closed-Managed,,2026-03-26
327,328,395582,['Odor'],2026-03-23,2026-03-23,Baltimore City,Incident Closed-Managed,,2026-03-25
328,329,395580,['Odor'],2026-03-24,2026-03-24,Howard,Incident Closed - No further action,20723,2026-03-24
329,330,395579,['Odor'],2026-03-23,2026-03-23,Howard,Incident Closed - No further action,20723,2026-03-23
330,331,395578,['Odor'],2026-03-22,2026-03-22,Howard,Incident Closed - No further action,20723,2026-03-22
331,332,395577,['Odor'],2026-03-23,2026-03-23,Howard,Incident Closed - No further action,20723,2026-03-23
332,333,395576,['Odor'],2026-03-22,2026-03-22,Howard,Incident Closed - No further action,20723,2026-03-22
333,334,395575,['Odor'],2026-03-22,2026-03-22,Howard,Incident Closed - No further action,20723,2026-03-22
334,335,395574,['Air'],2026-03-23,2026-03-23,Frederick,Incident Closed-Managed,21702,2026-05-07
335,336,395562,"['Odor', 'Smoke']",2026-03-19,2026-03-19,Allegany,Incident Closed-Managed,21555,2026-04-21
336,337,395557,['Other'],2026-03-20,2026-03-18,Prince George's,Incident Closed-Managed,,2026-03-20
337,338,395555,['Air'],2026-03-19,2026-03-19,Harford,Incident Closed-No Violation Observed,,2026-03-25
338,339,395550,['ARA AQCP non-regulated entity'],2026-03-11,2026-03-11,Wicomico,Incident Closed - No further action,,2026-03-13
339,340,395549,['Open Burning'],2026-03-17,2026-03-17,Washington,Referred to Outside Agency,21740,
340,341,395548,['ARA AQCP non-regulated entity'],2026-03-19,2026-03-17,Worcester,Referred to Outside Agency,,
341,342,395545,['Odor'],2026-03-16,2026-03-16,Baltimore City,Incident Closed-Managed,,2026-03-18
342,343,395544,['Air'],2026-03-12,2026-03-12,Baltimore City,Incident Closed - No further action,,2026-03-18
343,344,395543,['Odor'],2026-03-11,2026-03-11,Baltimore City,Incident Closed-Managed,,2026-03-18
344,345,395542,['Odor'],2026-03-10,2026-03-10,Baltimore City,Incident Closed-Managed,,2026-03-18
345,346,395540,['Air'],2026-03-17,2026-03-17,Charles,Incident Closed - No further action,20658,2026-03-23
346,347,395539,['Odor'],2026-03-09,2026-03-09,Baltimore City,Incident Closed-Managed,,2026-03-18
347,348,395538,['ARA AQCP non-regulated entity'],2026-03-08,2026-03-08,Baltimore City,Incident Closed-Managed,,2026-03-18
348,349,395537,['Air'],2026-03-17,2026-03-17,Frederick,Incident Closed-No Violation Observed,21702,2026-03-17
349,350,395536,"['Fumes', 'Odor']",2026-03-17,2026-03-17,Washington,Incident Closed - No further action,21740,2026-03-17
350,351,395535,"['Odor', 'Smoke']",2026-03-09,2026-03-09,Allegany,Incident Closed-Managed,21555,2026-04-21
351,352,395534,"['Odor', 'Smoke']",2026-03-09,2026-03-09,Allegany,Incident Closed-Managed,21555,2026-04-21
352,353,395533,['Chemical Release/Spill'],2026-03-06,2026-03-06,Washington,Incident Closed - No further action,,2026-03-17
353,354,395528,['Air'],2026-03-14,2026-03-14,Baltimore,Incident Closed-No Violation Observed,,2026-03-20
354,355,395516,['Other'],2026-03-11,2026-03-10,Prince George's,Incident Closed-Managed,,2026-03-19
355,356,395515,['Other'],2026-03-10,2026-03-10,Prince George's,Incident Closed-Managed,20785,2026-03-13
356,357,395514,['Other'],2026-03-09,2026-03-09,Prince George's,Incident Closed-Managed,,2026-03-19
357,358,395509,"['Air', 'Fugitive Dust/Particulate Matter']",2026-03-09,2026-03-06,Cecil,Incident Closed-Managed,21920,2026-03-12
358,359,395508,['Air'],2026-03-12,2026-03-12,Baltimore City,Incident Closed-No Violation Observed,,2026-03-17
359,360,395507,['Air'],2026-03-11,2026-03-11,Anne Arundel,Incident Closed - No further action,21146,2026-03-23
360,361,395506,['Air'],2026-03-11,2026-03-11,Anne Arundel,Incident Closed-Managed,21090,2026-03-24
361,362,395505,['Air'],2026-03-10,2026-03-10,Frederick,Incident Closed-Managed,21757,2026-03-18
362,363,395504,['Air'],2026-03-11,2026-03-11,Anne Arundel,Incident Closed-No Violation Observed,21226,2026-03-24
363,364,395503,['Air'],2026-03-10,2026-03-10,Anne Arundel,Incident Closed-Managed,21090,2026-03-24
364,365,395502,['Air'],2026-03-10,2026-03-10,Anne Arundel,Incident Closed-Managed,20190,2026-03-24
365,366,395501,['Air'],2026-03-10,2026-03-10,Anne Arundel,Incident Closed-Managed,21090,2026-03-24
366,367,395500,['Air'],2026-03-10,2026-03-10,Anne Arundel,Incident Closed-No Violation Observed,21060,2026-03-24
367,368,395499,['Air'],2026-03-12,2026-03-10,Anne Arundel,Incident Closed-No Violation Observed,21060,2026-03-24
368,369,395496,"['Air', 'Other']",2026-03-10,2026-03-10,Cecil,Incident Closed - No further action,21919,2026-03-12
369,370,395490,['ARA AQCP non-regulated entity'],2026-03-11,2026-03-05,Caroline,Incident Closed - No further action,21632,2026-03-06
370,371,395489,['Air'],2026-03-10,2026-03-10,Anne Arundel,Incident Closed-No Violation Observed,,2026-03-11
371,372,395487,['Air'],2026-03-10,2026-03-10,Baltimore,Under Investigation,,
372,373,395486,['Odor'],2026-03-10,2026-03-10,Anne Arundel,Incident Closed - No further action,21226,2026-03-10
373,374,395482,"['Air', 'Open Burning']",2026-03-09,2026-03-07,Cecil,Referred to Outside Agency,21904,
374,375,395477,['Air'],2026-03-09,2026-03-09,Anne Arundel,Incident Closed-No Violation Observed,20711,2026-03-09
375,376,395476,['Air'],2026-03-09,2026-03-09,Frederick,Under Investigation,21703,
376,377,395470,"['Air', 'Fumes', 'Odor']",2026-03-04,2026-03-03,Montgomery,Incident Closed-Managed,20850,2026-08-31
377,378,395467,['Air'],2026-02-25,2026-02-25,Baltimore,Incident Closed-No Violation Observed,,2026-03-10
378,379,395464,"['Air', 'Asbestos Complaint', 'Other']",2026-03-04,2026-03-03,Montgomery,Incident Closed-Managed,20903,2026-03-05
379,380,395463,['Air'],2026-03-05,2026-03-05,Baltimore,Incident Closed - No further action,,2026-03-05
380,381,395462,['Air'],2026-03-05,2026-03-05,Anne Arundel,Incident Closed-Managed,20794,2026-03-18
381,382,395453,['ARA AQCP non-regulated entity'],2026-03-01,2026-03-01,Baltimore City,Incident Closed-Managed,,2026-03-04
382,383,395451,['Odor'],2026-02-28,2026-02-28,Baltimore City,Incident Closed-Managed,,2026-03-04
383,384,395450,['ARA AQCP non-regulated entity'],2026-02-27,2026-02-27,Baltimore City,Incident Closed-Managed,,2026-03-04
384,385,395449,['Odor'],2026-02-19,2026-02-19,Baltimore City,Incident Closed-Managed,,2026-03-04
385,386,395448,['Odor'],2026-02-22,2026-02-22,Baltimore City,Incident Closed-Managed,,2026-03-04
386,387,395447,['Odor'],2026-02-18,2026-02-18,Baltimore City,Incident Closed-Managed,,2026-03-04
387,388,395446,['Odor'],2026-02-17,2026-02-17,Baltimore City,Incident Closed-Managed,,2026-03-04
388,389,395444,['Odor'],2026-02-11,2026-02-11,Baltimore City,Incident Closed-Managed,,2026-03-04
389,390,395441,['ARA AQCP non-regulated entity'],2026-02-24,2026-02-24,Somerset,Incident Closed-Managed,21822,2026-03-04
390,391,395437,['Air'],2026-01-08,2026-01-08,Baltimore,Incident Closed-No Violation Observed,,2026-03-03
391,392,395434,['Air'],2026-03-02,2026-03-02,Charles,Incident Closed-Managed,20601,2026-03-10
392,393,395430,['Odor'],2026-03-02,2026-02-20,Worcester,Incident Closed-Managed,21811,2026-02-24
393,394,395424,['Air'],2026-02-27,2026-02-27,Baltimore,Referred to Outside Agency,,
394,395,395421,['Air'],2026-02-23,2026-02-23,Baltimore,Incident Closed-Managed,,2026-02-27
395,396,395416,"['Air', 'Odor', 'Open Burning']",2026-02-25,2026-02-24,Cecil,Incident Closed-Managed,21921,2026-02-26
396,397,395406,['Air'],2026-02-24,2026-02-24,Charles,Incident Closed - No further action,20640,2026-03-18
397,398,395401,['Air'],2026-02-23,2026-02-23,Frederick,Incident Closed-Managed,20794,2026-03-18
398,399,395400,['Air'],2026-02-22,2026-02-22,Frederick,Incident Closed-Managed,20794,2026-03-18
399,400,395396,['ARA AQCP non-regulated entity'],2026-02-20,2026-02-18,Talbot,Incident Closed-Managed,,2026-02-19
400,401,395394,['ARA AQCP non-regulated entity'],2026-02-20,2026-02-19,,Incident Closed-No Violation Observed,,2026-02-20
401,402,395393,['Air'],2026-02-20,2026-02-20,Anne Arundel,Incident Closed-No Violation Observed,21060,2026-03-05
402,403,395392,['Air'],2026-02-19,2026-02-19,Anne Arundel,Incident Closed-No Violation Observed,21144,2026-03-03
403,404,395391,['Air'],2026-02-19,2026-02-19,Not Yet Determined,Incident Closed - No further action,,2026-03-03
404,405,395390,['Air'],2026-02-19,2026-02-19,Anne Arundel,Incident Closed-Managed,21054,2026-03-11
405,406,395389,['Other'],2026-02-18,2026-02-12,Prince George's,Incident Closed-Managed,,2026-03-19
406,407,385384,['Smoke'],2026-02-10,2026-02-10,Calvert,Incident Closed-Managed,,2026-02-18
407,408,385383,['Fugitive Dust/Particulate Matter'],2026-02-11,2026-02-11,St. Mary's,Incident Closed-Managed,,2026-02-18
408,409,385376,['Air'],2026-02-15,2026-02-15,Anne Arundel,Incident Closed-No Violation Observed,21090,2026-03-03
409,410,385375,['Air'],2026-02-15,2026-02-15,Frederick,Incident Closed-Managed,21788,2026-02-25
410,411,385372,['ARA AQCP non-regulated entity'],2026-02-13,2026-02-13,Talbot,Under Investigation,21601,
411,412,385370,['Other'],2026-02-09,2026-02-09,Prince George's,Incident Closed-Managed,,2026-02-13
412,413,385369,['Air'],2026-02-13,2026-02-13,Baltimore,Incident Closed-Managed,,2026-02-27
413,414,385368,['Smoke'],2026-02-11,2026-02-11,Allegany,Referred to Outside Agency,26753,
414,415,385367,['ARA AQCP non-regulated entity'],2026-02-12,2026-02-10,Dorchester,Incident Closed-No Violation Observed,21613,2026-02-11
415,416,385363,['Air'],2026-02-06,2026-02-06,Baltimore,Incident Closed-No Violation Observed,,2026-02-11
416,417,385349,['Other'],2026-02-03,2026-02-03,Prince George's,Incident Closed-Managed,,2026-02-09
417,418,385344,['Air'],2026-02-06,2026-02-06,Charles,Incident Closed-Managed,20601,2026-02-09
418,419,385343,['Air'],2026-02-06,2026-02-06,Charles,Referred to Outside Agency,20601,
419,420,385336,"['Air', 'Other']",2026-02-05,2026-02-05,Montgomery,Incident Closed - No further action,20902,2026-02-06
420,421,385331,['Air'],2026-02-02,2026-02-02,,Incident Closed-No Violation Observed,21811,2026-02-03
421,422,385329,['Air'],2026-01-30,2026-01-30,Carroll,Referred to LMA,,
422,423,385328,['Other'],2026-02-02,2026-01-30,Howard,Incident Closed-Managed,,2026-02-03
423,424,385327,['Air'],2026-02-03,2026-02-03,Charles,Referred to Outside Agency,20601,
424,425,385326,['Air'],2026-02-02,2026-02-02,Anne Arundel,Incident Closed-Managed,,2026-02-03
425,426,385324,['Air'],2026-01-30,2026-01-30,Harford,Incident Closed-Managed,,2026-02-03
426,427,385323,['Air'],2025-12-18,2025-12-18,Harford,Referred to LMA,,
427,428,385318,['Air'],2026-01-28,2026-01-28,Montgomery,Incident Closed-No Violation Observed,,2026-01-29
428,429,385316,['Fugitive Dust/Particulate Matter'],2026-01-22,2026-01-22,Baltimore City,Incident Closed-Managed,,2026-01-28
429,430,385315,['Odor'],2026-01-21,2026-01-21,Baltimore City,Incident Closed-Managed,,2026-01-28
430,431,385314,['Odor'],2026-01-19,2026-01-19,Baltimore City,Incident Closed-Managed,,2026-01-28
431,432,385312,['Open Burning'],2026-01-26,2026-01-26,Washington,Incident Closed - No further action,21740,2026-01-27
432,433,385311,['Other'],2026-01-21,2026-01-21,Howard,Incident Closed-Managed,,2026-01-27
433,434,385310,['Suspected Operation without Permit'],2026-01-12,2026-01-02,Garrett,Incident Closed-Managed,21550,2026-06-04
434,435,385309,['Other'],2026-01-21,2026-01-22,Howard,Incident Closed-Managed,,2026-01-27
435,436,385306,['Air'],2026-01-26,2026-01-26,Frederick,Incident Closed - No further action,21702,2026-01-26
436,437,385305,['Air'],2026-01-23,2026-01-23,Anne Arundel,Incident Closed-No Violation Observed,21226,2026-02-10
437,438,385304,['Air'],2026-01-23,2026-01-23,Frederick,Incident Closed-Managed,,2026-02-18
438,439,385303,['Air'],2026-01-16,2026-01-16,Baltimore,Incident Closed-No Violation Observed,,2026-02-11
439,440,385302,['Air'],2026-01-22,2026-01-22,Baltimore,Incident Closed-Managed,,2026-01-26
440,441,385301,['Odor'],2026-01-21,2026-01-21,Dorchester,Incident Closed - No further action,21835,2026-01-21
441,442,385299,['Air'],2026-01-23,2026-01-22,Anne Arundel,Incident Closed-Managed,,2026-01-23
442,443,375297,"['Air', 'Asbestos Complaint', 'Other']",2026-01-13,2026-01-13,Montgomery,Referred to LMA,,
443,444,375293,['Air'],2026-01-20,2026-01-20,Frederick,Incident Closed-No Violation Observed,21702,2026-02-18
444,445,375287,['Air'],2026-01-15,2026-01-15,Anne Arundel,Incident Closed-No Violation Observed,,2026-01-15
445,446,375286,['Air'],2026-01-15,2026-01-15,Charles,Incident Closed-No Violation Observed,20601,2026-03-10
446,447,375285,['Air'],2026-01-14,2026-01-14,Anne Arundel,Incident Closed-No Violation Observed,21226,2026-03-03
447,448,375280,['ARA AQCP non-regulated entity'],2026-01-07,2026-01-07,Baltimore City,Incident Closed - No further action,,2026-01-14
448,449,375279,['Open Burning'],2026-01-07,2026-01-07,Calvert,Incident Closed-Managed,,2026-01-14
449,450,375278,['Odor'],2026-01-06,2026-01-06,Baltimore City,Incident Closed-Managed,,2026-01-14
450,451,375277,['Odor'],2026-01-05,2026-01-05,Baltimore City,Incident Closed-Managed,,2026-01-14
451,452,375274,"['Air', 'Odor', 'Open Burning', 'Smoke']",2026-01-08,2026-01-07,Cecil,Incident Closed-Managed,21904,2026-01-13
452,453,375269,['Air'],2026-01-12,2026-01-12,Baltimore,Incident Closed-Managed,,2026-01-12
453,454,375267,['Odor'],2026-01-09,2026-01-09,Dorchester,Incident Closed - No further action,21835,2026-01-09
454,455,375265,['ARA AQCP non-regulated entity'],2026-01-12,2026-01-08,Wicomico,Incident Closed-Managed,,2026-01-09
455,456,375258,['Air'],2026-01-09,2026-01-09,Anne Arundel,Incident Closed - No further action,21122,2026-01-13
456,457,375256,['ARA AQCP non-regulated entity'],2026-01-12,2026-01-02,Caroline,Incident Closed - No further action,,2026-01-08
457,458,375250,['Air'],2026-01-08,2026-01-08,Charles,Incident Closed - No further action,20601,2026-03-10
458,459,375246,['Air'],2025-12-22,2025-12-22,Harford,Incident Closed-No Violation Observed,,2026-01-08
459,460,375239,['Air'],2026-01-07,2026-01-07,Anne Arundel,Incident Closed-No Violation Observed,20794,2026-02-10
460,461,375236,['Other'],2026-01-07,2026-01-07,Prince George's,Incident Closed-Managed,,2026-01-08
461,462,375229,['Other'],2026-01-02,2026-01-02,Prince George's,Incident Closed-Managed,,2026-01-07
462,463,375228,['Odor'],2025-12-26,2025-12-26,Dorchester,Incident Closed - No further action,21835,2025-12-26
463,464,375225,['Air'],2026-01-06,2026-01-06,Anne Arundel,Incident Closed-No Violation Observed,21144,2026-01-08
464,465,375219,['Air'],2026-01-04,2026-01-04,Baltimore,Incident Closed-Managed,,2026-01-08
465,466,375214,['Air'],2026-01-05,2026-01-05,Charles,Incident Closed-Managed,20640,2026-01-15
466,467,375212,['Air'],2026-01-02,2026-01-02,Frederick,Incident Closed-Managed,21788,2026-01-05
467,468,375205,['ARA AQCP non-regulated entity'],2026-01-05,2025-12-18,Dorchester,Incident Closed-Managed,21631,2025-12-18
468,469,375204,['Air'],2026-01-02,2025-12-31,Baltimore,Incident Closed-No Violation Observed,,2026-01-08
469,470,375188,['Other'],2025-12-22,2025-12-22,Prince George's,Incident Closed-Managed,,2025-12-22
470,471,375187,['Air'],2025-12-19,2025-12-19,Anne Arundel,Incident Closed-No Violation Observed,20724,2025-12-22
471,472,375181,['Air'],2025-12-17,2025-12-17,Baltimore,Incident Closed-No Violation Observed,,2025-12-19
472,473,375179,"['Air', 'Asbestos Complaint', 'Other']",2025-12-19,2025-12-19,Montgomery,Incident Closed-Managed,20860,2025-12-19
473,474,375178,['Other'],2025-12-18,2025-12-18,Prince George's,Incident Closed-Managed,,2025-12-19
474,475,375173,['Smoke'],2025-12-13,2025-12-13,Kent,Incident Closed - No further action,21620,2025-12-13
475,476,375171,['Air'],2025-12-16,2025-12-16,Baltimore,Under Investigation,,
476,477,375168,['Air'],2025-12-15,2025-12-15,Charles,Incident Closed-No Violation Observed,20601,2025-12-30
477,478,375164,['Other'],2025-12-15,2025-12-15,Prince George's,Incident Closed-Managed,,2025-12-16
478,479,375163,['Other'],2025-12-11,2025-12-16,Prince George's,Incident Closed-Managed,,2025-12-16
479,480,375155,['Air'],2025-12-12,2025-12-12,Anne Arundel,Incident Closed - No further action,20724,2025-12-15
480,481,375153,['ARA AQCP non-regulated entity'],2025-12-15,2025-12-11,Wicomico,Incident Closed-Managed,,2025-12-12
481,482,375153,['ARA AQCP non-regulated entity'],2025-12-15,2025-12-11,Wicomico,Incident Closed-Managed,34106,2025-12-12
482,483,375152,['ARA AQCP non-regulated entity'],2025-12-09,,Caroline,Incident Closed - No further action,,2025-12-09
483,484,375150,['ARA AQCP non-regulated entity'],2025-12-12,,Somerset,Incident Closed-No Violation Observed,21838,2025-12-11
484,485,375144,"['Air', 'Fugitive Dust/Particulate Matter', 'Other']",2025-12-05,2025-12-05,Cecil,Incident Closed - No further action,21919,2025-12-11
485,486,375141,['Air'],2025-10-17,2025-10-17,Anne Arundel,Incident Closed-Managed,,2025-12-11
486,487,375140,['Air'],2025-10-17,2025-10-17,Anne Arundel,Incident Closed-Managed,,2025-12-11
487,488,375139,['Air Pollutant Release'],2025-10-17,2025-10-17,Anne Arundel,Incident Closed-Managed,,2025-12-11
488,489,375137,['Air Pollutant Release'],2025-10-17,2025-10-15,Anne Arundel,Incident Closed-Managed,,2025-12-11
489,490,375136,['Air'],2025-12-09,2025-12-08,Harford,Incident Closed-Managed,,2025-12-11
490,491,375135,['Air'],2025-12-10,2025-12-10,Baltimore,Incident Closed-Managed,,2025-12-11
491,492,375134,['Odor'],2025-11-25,2025-11-25,Baltimore City,Incident Closed-Managed,,2025-12-11
492,493,375129,['Air'],2025-12-05,2025-12-05,Frederick,Incident Closed - No further action,21703,2025-12-09
493,494,375124,['Air'],2025-12-08,2025-12-08,Frederick,Incident Closed-Managed,21788,2026-01-05
494,495,375120,['Air'],2025-12-04,2025-12-04,Frederick,Incident Closed-Managed,21788,2025-12-08
495,496,375116,['Suspected Operation without Permit'],2025-12-05,2025-12-05,Washington,Under Investigation,21742,
496,497,375115,['Other'],2025-12-04,2025-12-04,Prince George's,Incident Closed-Managed,,2025-12-05
497,498,375113,['Air'],2025-12-05,2025-11-21,Wicomico,Incident Closed-Managed,,2025-12-01
498,499,375111,['Suspected Operation without Permit'],2025-12-04,2025-12-04,Washington,Under Investigation,21742,
499,500,375108,['Other'],2025-12-01,2025-12-01,Prince George's,Incident Closed-Managed,20737,2025-12-04
500,501,375104,['Air'],2025-12-03,2025-12-03,Anne Arundel,Incident Closed-Managed,,2026-01-06
501,502,375103,['Air Pollutant Release'],2025-10-17,2025-10-17,Anne Arundel,Incident Closed-Managed,,2025-12-03
502,503,375102,['Air Pollutant Release'],2025-10-17,2025-10-17,Anne Arundel,,,
503,504,375101,['Air Pollutant Release'],2025-10-17,2025-10-17,Anne Arundel,Incident Closed-Managed,,2025-12-03
504,505,375100,['Air Pollutant Release'],2025-10-17,2025-10-17,Anne Arundel,Incident Closed-Managed,,2025-12-03
505,506,375099,['Air Pollutant Release'],2025-10-17,2025-10-17,Anne Arundel,Incident Closed-Managed,,2025-12-03
506,507,375098,['Air Pollutant Release'],2025-10-17,2025-10-17,Anne Arundel,Incident Closed-Managed,,2025-12-03
507,508,375097,['Air Pollutant Release'],2025-10-17,2025-10-15,Anne Arundel,Incident Closed-Managed,,2025-12-03
508,509,375096,['Air Pollutant Release'],2025-10-18,2025-10-18,Anne Arundel,Incident Closed-Managed,,2025-12-03
509,510,375093,['Air Pollutant Release'],2025-10-18,2025-10-18,Anne Arundel,Incident Closed-Managed,,2025-12-03
510,511,375092,['Air Pollutant Release'],2025-10-18,2025-10-18,Anne Arundel,Incident Closed-Managed,,2025-12-03
511,512,375091,['Air Pollutant Release'],2025-10-18,2025-10-18,Anne Arundel,Incident Closed-Managed,,2025-12-03
512,513,375090,['Air Pollutant Release'],2025-10-17,2025-10-18,Anne Arundel,Incident Closed-Managed,,2025-12-03
513,514,375089,['Air Pollutant Release'],2025-10-18,2025-10-18,Anne Arundel,Incident Closed-Managed,,2025-12-03
514,515,375088,['Air Pollutant Release'],2025-10-18,2025-10-17,Anne Arundel,Incident Closed-Managed,,2025-12-03
515,516,375087,['Air Pollutant Release'],2025-10-17,2025-10-17,Anne Arundel,Incident Closed-Managed,,2025-12-03
516,517,375086,['Air Pollutant Release'],2025-10-17,2025-10-17,Anne Arundel,Incident Closed-Managed,,2025-12-02
517,518,375085,['Air Pollutant Release'],2025-12-02,2025-10-17,Anne Arundel,Incident Closed-Managed,,2025-12-02
518,519,375084,['Air Pollutant Release'],2025-10-17,2025-10-17,Anne Arundel,Incident Closed-Managed,,2025-12-02
519,520,375083,['Air Pollutant Release'],2025-10-17,2025-10-17,Anne Arundel,Incident Closed-Managed,,2025-12-02
520,521,375082,['Air Pollutant Release'],2025-10-17,2025-10-17,Baltimore,Incident Closed-Managed,,2025-12-02
521,522,375080,['Air Pollutant Release'],2025-10-17,2025-10-17,Anne Arundel,Incident Closed-Managed,,2025-12-02
522,523,375079,"['Air', 'Air Pollutant Release']",2025-12-02,2025-10-17,Baltimore,,,
523,524,375077,['Air'],2025-10-17,2025-10-17,Anne Arundel,Incident Closed-Managed,,2025-12-02
524,525,375076,['Air Pollutant Release'],2025-10-17,2025-10-17,Anne Arundel,Incident Closed-Managed,,2025-12-02
525,526,375075,['Air Pollutant Release'],2025-10-17,2025-10-17,Anne Arundel,Incident Closed-Managed,,2025-12-02
526,527,375074,['Air Pollutant Release'],2025-10-17,2025-10-17,Anne Arundel,Incident Closed-Managed,,2025-12-02
527,528,375069,['Air'],2025-11-25,2025-11-24,Frederick,Incident Closed-No Violation Observed,,2025-12-08
528,529,375068,['Air'],2025-11-24,2025-12-01,Dorchester,Incident Closed-No Violation Observed,21631,2025-12-02
529,530,375067,['Air'],2025-11-25,2025-11-25,Frederick,Incident Closed-Restored,21701,2025-12-04
530,531,375066,"['Air', 'Fumes', 'Odor']",2025-11-19,2025-11-18,Carroll,Incident Closed-Managed,21784,2025-12-01
531,532,375063,['Air'],2025-11-21,2025-11-21,Anne Arundel,Incident Closed-Managed,,2025-11-26
532,533,375062,"['Fumes', 'Odor']",2025-11-21,2025-11-21,Washington,Under Investigation,21742,
533,534,375061,"['Air', 'Other']",2025-11-25,2025-11-24,Montgomery,Referred to Outside Agency,,
534,535,375056,"['Odor', 'Smoke']",2025-11-19,2025-11-18,Washington,Referred to Outside Agency,,
535,536,375055,['Odor'],2025-11-14,2025-11-14,Outside of Maryland,Incident Closed - No further action,21502,2026-02-04
536,537,375054,['Other'],2025-11-13,2025-11-13,Allegany,Incident Closed - No further action,,2025-11-25
537,538,375053,['Air Pollutant Release'],2025-10-17,2025-10-17,Anne Arundel,Incident Closed-Managed,,2025-11-25
538,539,375051,['Air Pollutant Release'],2025-10-17,2025-10-17,Anne Arundel,Incident Closed-Managed,,2025-11-25
539,540,375050,['Air Pollutant Release'],2025-10-17,2025-10-17,Anne Arundel,Incident Closed-Managed,,2025-11-25
540,541,375049,['Air Pollutant Release'],2025-10-17,2025-10-17,Anne Arundel,Incident Closed-Managed,,2025-11-25
541,542,375041,['Air'],2025-11-21,2025-11-21,Harford,Referred to Outside Agency,,
542,543,375037,['ARA AQCP non-regulated entity'],2025-11-21,2025-11-18,Dorchester,Incident Closed - No further action,,2025-11-19
543,544,375029,['Air'],2025-11-03,2025-11-03,Baltimore,Incident Closed-No Violation Observed,,2026-04-28
544,545,375028,['Air'],2025-11-19,2025-11-19,Frederick,Incident Closed-No Violation Observed,21701,2025-11-20
545,546,375027,['Air'],2025-11-18,2025-11-18,Anne Arundel,Incident Closed-No Violation Observed,21122,2025-12-31
546,547,375020,['Air Pollutant Release'],2025-11-18,2025-10-17,Anne Arundel,Incident Closed-Managed,,2025-11-18
547,548,375019,['Air'],2025-10-17,2025-10-17,Anne Arundel,Incident Closed-Managed,,2025-11-18
548,549,375018,['Air'],2025-10-17,2025-10-17,Anne Arundel,Incident Closed-Managed,,2025-11-18
549,550,375017,['Other'],2025-11-17,2025-11-17,Prince George's,Incident Closed-Managed,,2025-11-18
550,551,375016,['Other'],2025-11-17,2025-11-17,Prince George's,Incident Closed-Managed,,2025-11-18
551,552,375015,['Other'],2025-11-17,2025-11-17,Prince George's,Incident Closed-Managed,,2025-11-18
552,553,375014,['Air Pollutant Release'],2025-10-17,2025-10-17,Anne Arundel,Incident Closed-Managed,,2025-11-18
553,554,375013,['Air Pollutant Release'],2025-10-17,2025-10-17,Anne Arundel,Incident Closed-Managed,,2025-11-18
554,555,375009,['Air Pollutant Release'],2025-11-18,2025-10-17,Anne Arundel,Incident Closed-Managed,,2025-11-18
555,556,375008,"['Air', 'Air Pollutant Release']",2025-11-17,2025-10-17,Anne Arundel,Incident Closed-Managed,,2025-11-17
556,557,375007,"['Air', 'Air Pollutant Release']",2025-11-17,2025-10-17,Anne Arundel,Incident Closed-Managed,,2025-11-17
557,558,375006,"['Air', 'Air Pollutant Release']",2025-11-17,2025-10-17,Anne Arundel,Incident Closed-Managed,,2025-11-17
558,559,375003,['Air Pollutant Release'],2025-11-17,2025-10-17,Anne Arundel,Incident Closed-Managed,,2025-11-17
559,560,375001,['Air Pollutant Release'],2025-11-17,2025-10-17,Anne Arundel,,,
560,561,374999,['Air Pollutant Release'],2025-11-17,2025-10-10,Anne Arundel,Incident Closed-Managed,,2025-11-17
561,562,374998,['Air Pollutant Release'],2025-11-17,2025-10-17,Anne Arundel,Incident Closed-Managed,,2025-11-17
562,563,374997,['Air'],2025-11-17,2025-10-17,Anne Arundel,Incident Closed-Managed,,2025-11-17
563,564,374996,['Air Pollutant Release'],2025-11-17,2025-10-17,Anne Arundel,Incident Closed-Managed,,2025-11-17
564,565,374995,['Air Pollutant Release'],2025-11-17,2025-10-17,Anne Arundel,Incident Closed-Managed,,2025-11-17
565,566,374988,['Other'],2025-11-13,2025-11-13,Prince George's,Incident Closed-Clean-up Completed,20705,2025-11-14
566,567,374986,['Open Burning'],2025-11-08,2025-11-08,Calvert,Incident Closed-Managed,,2025-11-13
567,568,374982,['Smoke'],2025-11-07,2025-11-07,Cecil,Incident Closed-Managed,21921,2025-11-12
568,569,374981,['Air'],2025-11-10,2025-11-10,Anne Arundel,Incident Closed-Clean-up Completed,21077,2026-01-27
569,570,374976,['Air'],2025-11-06,2025-11-06,Harford,Incident Closed-Managed,,2025-11-07
570,571,374975,['ARA AQCP non-regulated entity'],2025-11-07,2025-11-06,Somerset,Incident Closed-Managed,21853,2025-11-06
571,572,374974,['Odor'],2025-11-07,2025-11-07,Baltimore City,Incident Closed-Managed,,2025-11-07
572,573,374973,['ARA AQCP non-regulated entity'],2025-11-07,2025-11-03,Somerset,Incident Closed-Managed,21853,2025-11-03
573,574,374970,['ARA AQCP non-regulated entity'],2025-10-28,2025-10-28,Baltimore City,Incident Closed - No further action,,2025-11-06
574,575,374969,['Odor'],2025-10-27,2025-10-27,Baltimore City,Incident Closed-Managed,,2025-11-06
575,576,374968,['Odor'],2025-10-09,2025-10-09,Baltimore City,Incident Closed-Managed,,2025-11-06
576,577,374967,['Odor'],2025-10-03,2025-10-03,Baltimore City,Incident Closed - No further action,,2025-11-06
577,578,374964,"['Air', 'Other']",2025-11-05,2025-11-05,Montgomery,Incident Closed - No further action,,2025-11-05
578,579,374963,['Air'],2025-11-05,2025-11-05,Anne Arundel,Incident Closed - No further action,21403,2025-11-06
579,580,374962,['Air'],2025-11-05,2025-10-17,Anne Arundel,Incident Closed-Managed,,2025-11-05
580,581,374959,['Air'],2025-11-04,2025-10-17,Anne Arundel,Incident Closed-Managed,,2025-11-05
581,582,374956,['Air'],2025-11-04,2025-10-18,Anne Arundel,Incident Closed-Managed,,2025-11-04
582,583,374947,"['Air', 'Fugitive Dust/Particulate Matter']",2025-10-23,2025-10-23,Montgomery,Incident Closed-Managed,20866,2025-11-03
583,584,374938,['Fugitive Dust/Particulate Matter'],2025-10-29,2025-10-29,Washington,Under Investigation,21742,
584,585,374935,['Other'],2025-10-30,2025-10-30,Howard,Incident Closed-Managed,,2025-10-31
585,586,374934,['Fugitive Dust/Particulate Matter'],2025-10-28,2025-10-28,Washington,Under Investigation,21742,
586,587,374932,['Fugitive Dust/Particulate Matter'],2025-10-27,2025-10-27,Allegany,Incident Closed-Managed,21742,2025-11-13
587,588,374931,['Fugitive Dust/Particulate Matter'],2025-10-10,2025-10-10,Washington,Incident Closed-Managed,21742,2025-11-13
588,589,374930,['Air'],2025-10-27,,Harford,Referred to Outside Agency,,
589,590,374929,['Odor'],2025-10-20,2025-10-18,Washington,Referred to Outside Agency,21719,
590,591,374926,['Odor'],2025-09-30,2025-09-30,Allegany,Incident Closed - No further action,21540-109,2025-12-03
591,592,374921,['Fugitive Dust/Particulate Matter'],2025-08-28,2025-08-28,Washington,Under Investigation,21742,
592,593,374919,['Other'],2025-10-24,2025-10-24,Outside of Maryland,Incident Closed-Managed,,2025-10-28
593,594,374912,['Air'],2025-10-24,2025-10-24,Not Yet Determined,Incident Closed - No further action,,2025-11-19
594,595,374907,"['Air', 'Fugitive Dust/Particulate Matter']",2025-10-23,2025-10-23,Carroll,Incident Closed-Managed,21784,2025-10-24
595,596,374904,['Other'],2025-10-24,2025-10-24,Prince George's,Incident Closed-Managed,,2025-10-24
596,597,374903,['Air'],2025-10-24,2025-10-24,Baltimore,Incident Closed-Managed,,2025-10-24
597,598,374902,['Air'],2025-10-23,2025-10-23,Baltimore,Referred to Outside Agency,,
598,599,374900,['Air'],2025-10-21,2025-10-21,Baltimore,Referred to Outside Agency,,
599,600,364902,['Odor'],2025-10-20,2025-10-16,Baltimore City,Incident Closed - No further action,21224,2025-10-16
600,601,364901,['Air'],2025-10-21,2025-10-21,Baltimore,Referred to Outside Agency,,
601,602,364897,['Other'],2025-10-21,2025-10-21,Prince George's,Incident Closed-Managed,,2025-10-22
602,603,364896,['Other'],2025-10-10,2025-10-10,Howard,Incident Closed-Managed,21075,2025-10-22
603,604,364890,['Air'],2025-10-19,2025-10-19,Anne Arundel,Incident Closed-No Violation Observed,21226,2025-11-05
604,605,364889,['Air'],2025-10-19,2025-10-19,Frederick,Referred to LMA,21703,
605,606,364888,['Air'],2025-10-17,2025-10-17,Frederick,Incident Closed - No further action,,2025-10-21
606,607,364881,['Fugitive Dust/Particulate Matter'],2025-10-20,2025-10-17,Anne Arundel,Under Investigation,,
607,608,364880,['Fugitive Dust/Particulate Matter'],2025-10-20,2025-10-17,Anne Arundel,Under Investigation,21226,
608,609,364879,['Fugitive Dust/Particulate Matter'],2025-10-17,2025-10-17,Anne Arundel,Under Investigation,,
609,610,364878,['Fugitive Dust/Particulate Matter'],2025-10-17,2025-10-14,Anne Arundel,Under Investigation,,
610,611,364877,['Fugitive Dust/Particulate Matter'],2025-10-20,2025-10-15,Anne Arundel,Under Investigation,,
611,612,364876,['Fugitive Dust/Particulate Matter'],2025-10-20,2025-10-17,Anne Arundel,Under Investigation,,
612,613,364875,['Fugitive Dust/Particulate Matter'],2025-10-20,2025-10-15,Anne Arundel,Under Investigation,21226,
613,614,364874,['Fugitive Dust/Particulate Matter'],2025-10-15,2025-10-15,Anne Arundel,Under Investigation,21226,
614,615,364867,"['Air', 'Equipment Malfunction', 'Other']",2025-10-09,2025-10-01,Cecil,Incident Closed-Managed,21921,2026-04-29
615,616,364862,['Air'],2025-10-14,2025-10-14,Baltimore,Incident Closed-Managed,,2025-10-17
616,617,364861,['ARA AQCP non-regulated entity'],2025-10-07,2025-10-06,Wicomico,Incident Closed-No Violation Observed,,2025-10-09
617,618,364860,['ARA AQCP non-regulated entity'],2025-10-16,2025-10-10,Somerset,Under Investigation,21853,
618,619,364848,['Air'],2025-10-10,2025-10-10,Anne Arundel,Incident Closed-No Violation Observed,21032,2025-12-30
619,620,364846,"['Air', 'Open Burning']",2025-10-08,2025-10-08,Montgomery,Referred to Outside Agency,20833,
620,621,364845,['Odor'],2025-09-15,2025-09-13,Dorchester,Incident Closed - No further action,21835,2025-09-13
621,622,364844,['Odor'],2025-09-15,2025-09-12,Dorchester,Incident Closed - No further action,21835,2025-09-12
622,623,364843,['Odor'],2025-09-15,2025-09-12,Dorchester,Incident Closed - No further action,21835,2025-09-12
623,624,364842,['Odor'],2025-09-10,2025-09-09,Dorchester,Incident Closed - No further action,21835,2025-09-09
624,625,364839,['Air'],2025-10-10,2025-10-09,Harford,Referred to LMA,21001,
625,626,364835,['Other'],2025-10-07,2025-10-07,Prince George's,Incident Closed-Managed,,2025-10-10
626,627,364830,['Air'],2025-10-08,2025-10-08,Baltimore,Incident Closed-Managed,,2025-10-30
627,628,364825,['ARA AQCP non-regulated entity'],2025-09-29,2025-09-29,Baltimore,Incident Closed - No further action,,2025-10-08
628,629,364824,['Odor'],2025-09-27,2025-09-27,Baltimore City,Incident Closed-Managed,,2025-10-08
629,630,364823,['Odor'],2025-09-23,2025-09-23,Baltimore City,Incident Closed-Managed,,2025-10-08
630,631,364822,['Odor'],2025-09-20,2025-09-20,Baltimore City,Incident Closed-Managed,,2025-10-08
631,632,364821,['ARA AQCP non-regulated entity'],2025-09-16,2025-09-16,Baltimore City,Incident Closed - No further action,,2025-10-08
632,633,364818,['Air'],2025-10-07,2025-10-07,Statewide,Incident Closed - No further action,,2025-10-07
633,634,364811,"['Air', 'Other']",2025-10-05,2025-10-05,Montgomery,Incident Closed - No further action,,2025-10-06
634,635,364810,"['Air', 'Fumes', 'Open Burning', 'Smoke']",2025-10-06,2025-10-06,Cecil,Referred to Outside Agency,21903,
635,636,364799,['Air'],2025-10-03,2025-10-03,Anne Arundel,Incident Not Applicable to MDE,,
636,637,364794,['Air'],2025-09-27,2025-09-27,Harford,Incident Closed - No further action,,2025-10-30
637,638,364793,['Air'],2025-09-25,2025-09-25,Harford,Incident Closed-Managed,,2025-10-03
638,639,364790,"['Air', 'Other', 'Waste']",2025-10-01,2025-10-01,Montgomery,Referred to LMA,20855,
639,640,364789,"['Air', 'Other']",2025-10-01,2025-10-01,Montgomery,Referred to Outside Agency,,
640,641,364773,['Air'],2025-09-29,2025-09-29,,Incident Closed-No Violation Observed,,2025-10-03
641,642,364772,['Air'],2025-09-29,2025-09-29,Baltimore,Incident Closed-Managed,,2025-09-29
642,643,364771,['Air'],2025-09-29,2025-09-29,Anne Arundel,Incident Closed-No Violation Observed,21144,2025-10-01
643,644,364770,['Air'],2025-09-29,2025-09-29,Anne Arundel,Incident Not Applicable to MDE,21401,
644,645,364769,['Air'],2025-09-27,2025-09-27,Frederick,Referred to Outside Agency,21771,
645,646,364762,['Air'],2025-09-26,2025-09-26,Baltimore,Incident Closed-Managed,,2025-09-26
646,647,364751,['Air'],2025-09-22,2025-09-22,Anne Arundel,Incident Not Applicable to MDE,,
647,648,364745,['Other'],2025-09-23,2025-09-23,Prince George's,Incident Closed-Managed,,2025-09-23
648,649,364742,['Air'],2025-09-22,2025-09-22,Baltimore,Referred to Outside Agency,,
649,650,364741,['Air'],2025-09-22,2025-09-22,Anne Arundel,Incident Closed - No further action,21122,2026-01-13
650,651,364740,['Air'],2025-09-19,2025-09-19,Harford,Incident Closed-No Violation Observed,,2025-09-23
651,652,364739,['Air'],2025-09-19,2025-09-19,Anne Arundel,Incident Closed-No Violation Observed,21226,2025-09-22
652,653,364738,['Air'],2025-09-17,2025-09-17,Harford,Incident Closed-Managed,,2025-10-30
653,654,364736,['Air'],2025-09-17,2025-09-17,Baltimore,Incident Closed-Managed,,2025-09-22
654,655,364732,['Other'],2025-09-19,2025-09-19,Howard,Incident Closed-Managed,21075,2025-09-19
655,656,364722,['Air'],2025-09-18,2025-09-18,Anne Arundel,Incident Closed-Managed,21076,2025-09-22
656,657,364711,['Air'],2025-09-16,2025-09-16,Anne Arundel,Incident Closed - No further action,,2025-09-18
657,658,364708,['Air'],2025-09-15,2025-09-15,Frederick,Incident Closed-No Violation Observed,21774,2025-09-23
658,659,364707,['Air'],2025-09-15,2025-09-15,Frederick,Incident Closed-No Violation Observed,21774,2025-09-23
659,660,364700,"['Air', 'Fugitive Dust/Particulate Matter']",2025-09-09,2025-09-09,Cecil,Incident Closed-Managed,21921,2025-09-15
660,661,364699,['Other'],2025-09-09,2025-09-09,Cecil,Referred to Outside Agency,21921,
661,662,364694,['Air'],2025-09-15,2025-09-15,Baltimore,Incident Closed-Managed,,2025-09-23
662,663,364693,['Air'],2025-09-13,2025-09-13,Baltimore,Incident Closed-Managed,,2025-09-15
663,664,364681,"['Odor', 'Open Burning']",2025-09-10,2025-09-10,Washington,Referred to Outside Agency,21719,
664,665,364674,['Odor'],2025-09-03,2025-09-03,Baltimore City,Incident Closed-Managed,,2025-09-10
665,666,364673,['Odor'],2025-09-03,2025-09-03,Baltimore City,Incident Closed-Managed,,2025-09-10
666,667,364672,['Odor'],2025-09-02,2025-09-02,Baltimore City,Incident Closed-Managed,,2025-09-10
667,668,364671,['ARA AQCP non-regulated entity'],2025-08-18,2025-08-18,Baltimore City,Incident Closed - No further action,,2025-09-10
668,669,364670,['Fumes'],2025-08-11,2025-08-11,Baltimore City,Incident Closed-Managed,,2025-09-10
669,670,364667,['Air'],2025-09-08,2025-09-08,Anne Arundel,Incident Not Applicable to MDE,20751,
670,671,364666,['Air'],2025-09-08,2025-09-08,Charles,Incident Closed-Managed,20640,2025-09-10
671,672,364662,['Air'],2025-09-05,2025-09-05,Frederick,Incident Closed-Managed,,2025-09-10
672,673,364655,"['Air', 'Fugitive Dust/Particulate Matter']",2025-09-03,2025-09-01,Montgomery,Incident Closed-Managed,20850,2025-09-05
673,674,364654,['Air'],2025-09-04,2025-09-04,Baltimore,Under Investigation,,
674,675,364651,['Other'],2025-09-04,2025-09-04,Prince George's,Incident Closed-Managed,,2025-09-05
675,676,364650,['Other'],2025-09-03,2025-09-03,Prince George's,Incident Closed-Managed,21075,2025-09-05
676,677,364644,['Air'],2025-09-03,2025-09-03,Baltimore,Incident Closed-Managed,,2025-09-04
677,678,364640,"['Open Burning', 'Smoke']",2025-09-03,2025-09-03,Allegany,Referred to Outside Agency,21502,
678,679,364636,"['Air', 'Open Burning']",2025-09-02,2025-09-02,Carroll,Referred to Outside Agency,,
679,680,364635,"['Air', 'Odor']",2025-09-03,2025-09-03,Montgomery,Referred to Outside Agency,20854,
680,681,364632,"['Open Burning', 'Smoke']",2025-09-02,2025-09-01,Allegany,Referred to Outside Agency,21502,
681,682,364630,['Open Burning'],2025-08-28,2025-08-28,Allegany,Referred to Outside Agency,21502,
682,683,364628,"['Air', 'Odor']",2025-09-02,2025-08-31,Montgomery,Referred to Outside Agency,20854,
683,684,364627,['Air'],2025-08-28,2025-08-28,Montgomery,Incident Closed-Managed,20837,2025-09-02
684,685,364626,['Air'],2025-09-02,2025-09-01,Anne Arundel,Incident Closed - No further action,21225,2025-09-10
685,686,364624,['Air'],2025-09-01,2025-09-01,Anne Arundel,Incident Closed-No Violation Observed,21060,2025-09-08
686,687,364623,['Air'],2025-09-02,2025-09-02,Anne Arundel,Incident Closed-No Violation Observed,21060,2025-09-08
687,688,364618,['Odor'],2025-08-26,2025-08-29,Allegany,Incident Closed-No Violation Observed,21502,2026-01-07
688,689,364617,"['Odor', 'Smoke']",2025-08-26,2025-08-26,Garrett,Incident Closed-Managed,21550,2026-03-19
689,690,364613,"['Air', 'Smoke']",2025-08-25,2025-08-22,Carroll,Incident Closed-Managed,,2025-08-28
690,691,364612,"['Air', 'Odor']",2025-08-21,2025-08-21,Montgomery,Referred to Outside Agency,,
691,692,364608,['Odor'],2025-08-22,2025-08-22,Dorchester,Incident Closed - No further action,21835,2025-08-22
692,693,364605,['Air'],2025-08-27,2025-08-22,Frederick,Incident Closed - No further action,21701,2025-08-28
693,694,364599,['Odor'],2025-08-22,2025-08-22,Allegany,Under Investigation,21502,
694,695,364597,['Air'],2025-08-15,2025-08-15,Baltimore,Incident Closed-Managed,,2025-09-02
695,696,364596,['Other'],2025-08-22,2025-08-22,Howard,Incident Closed-Managed,21075,2025-08-25
696,697,364594,['Other'],2025-08-20,2025-08-20,Prince George's,Incident Closed-Managed,,2025-08-25
697,698,364591,['Odor'],2025-08-22,2025-08-22,Washington,Referred to Outside Agency,21740,
698,699,364590,['Other'],2025-08-19,2025-08-19,Howard,Incident Closed-Managed,21075,2025-08-25
699,700,364589,['Other'],2025-08-20,2025-08-20,Prince George's,Incident Closed-Managed,,2025-10-02
700,701,364588,['Other'],2025-08-19,2025-08-19,Prince George's,Incident Closed-Managed,,2025-10-02
701,702,364587,['Other'],2025-08-18,2025-08-18,Washington,Incident Closed - No further action,21719,2025-08-25
702,703,364586,['Fugitive Dust/Particulate Matter'],2025-08-16,2025-08-16,Washington,Incident Closed-No Violation Observed,21742,2025-11-12
703,704,364585,['Illegal Dam'],2025-08-14,2025-08-14,Allegany,Referred to WMA,21530,
704,705,364572,['Air'],2025-08-20,2025-08-20,Howard,Incident Closed-No Violation Observed,20794,2025-08-26
705,706,364570,['Air'],2025-08-15,2025-08-15,Baltimore,Incident Closed-No Violation Observed,,2025-08-20
706,707,364562,['Air'],2025-08-18,2025-08-18,Frederick,Incident Not Applicable to MDE,21701,
707,708,364561,['Air'],2025-08-18,2025-08-18,Anne Arundel,Under Investigation,21113,
708,709,364560,['Air'],2025-08-18,2025-08-18,Anne Arundel,Incident Closed-No Violation Observed,21113,2025-08-26
709,710,364559,['Air'],2025-08-14,2025-08-14,Anne Arundel,Incident Closed - No further action,21403,2025-08-27
710,711,364558,['Odor'],2025-08-10,2025-08-10,Anne Arundel,Incident Closed - No further action,21226,2025-08-10
711,712,364557,['Odor'],2025-08-09,2025-08-09,Anne Arundel,Incident Closed - No further action,21226,2025-08-09
712,713,364549,['Air'],2025-08-14,2025-08-14,Montgomery,Incident Not Applicable to MDE,,
713,714,364545,['Odor'],2025-08-10,2025-08-10,Dorchester,Incident Closed - No further action,21835,2025-08-10
714,715,364544,"['Air', 'Open Burning', 'Smoke']",2025-08-13,2025-08-13,Cecil,Referred to Outside Agency,21921,
715,716,364543,['Air'],2025-08-12,2025-08-12,Montgomery,Referred to Outside Agency,,
716,717,364536,"['Air', 'Odor']",2025-08-11,2025-08-06,Montgomery,Incident Closed-Managed,20850,2025-08-12
717,718,364531,['Other'],2025-08-11,2025-08-09,Washington,Incident Closed - No further action,21742,2025-11-12
718,719,364529,['Other'],2025-08-07,2025-08-07,Allegany,Incident Closed - No further action,,2025-08-11
719,720,364526,"['Air', 'Fugitive Dust/Particulate Matter', 'Odor']",2025-08-07,2025-08-07,Montgomery,Incident Closed-Managed,20850,2025-08-12
720,721,364525,"['Air Pollutant Release', 'Fugitive Dust/Particulate Matter', 'Odor']",2025-08-07,2025-08-07,Montgomery,Incident Closed-Managed,20850,2025-08-12
721,722,364524,"['Air', 'Air Pollutant Release', 'Fugitive Dust/Particulate Matter', 'Odor']",2025-08-06,2025-08-06,Montgomery,Incident Closed-Managed,20850,2025-08-12
722,723,364523,['Air'],2025-08-07,2025-08-07,Carroll,Incident Closed-Managed,,2025-08-08
723,724,364521,['Air'],2025-08-08,2025-08-08,Baltimore,Incident Closed-No Violation Observed,,2025-09-29
724,725,364520,['Air'],2025-08-07,2025-08-07,Baltimore,Incident Closed-Managed,,2025-08-08
725,726,364518,['Air'],2025-08-06,2025-08-06,Frederick,Incident Closed-Managed,21701,2025-09-23
726,727,364517,['Air'],2025-08-07,2025-08-01,Frederick,Incident Closed-Managed,21701,2025-08-07
727,728,364502,['Fugitive Dust/Particulate Matter'],2025-08-01,2025-08-01,Baltimore City,Incident Closed-Managed,,2025-08-06
728,729,364501,['Smoke'],2025-07-30,2025-07-30,Baltimore City,Incident Closed-Managed,,2025-08-06
729,730,364500,"['Odor', 'Open Burning']",2025-08-05,2025-07-22,Cecil,Referred to Outside Agency,21921,
730,731,364499,['ARA AQCP non-regulated entity'],2025-07-24,2025-07-24,Baltimore City,Incident Closed - No further action,,2025-08-06
731,732,364498,['ARA AQCP non-regulated entity'],2025-07-21,2025-07-21,Baltimore City,Incident Closed - No further action,,2025-08-06
732,733,364497,['Odor'],2025-08-03,2025-08-03,Dorchester,Incident Closed - No further action,21835,2025-08-03
733,734,364496,['Odor'],2025-08-03,2025-08-03,Dorchester,Incident Closed - No further action,21835,2025-08-03
734,735,364494,['Other'],2025-08-04,2025-07-27,Washington,Incident Closed - No further action,21740,2025-08-05
735,736,364493,['Fugitive Dust/Particulate Matter'],2025-08-01,2025-08-01,Washington,Incident Closed-Managed,21742,2025-11-12
736,737,364483,['Fumes'],2025-08-01,2025-07-31,Washington,Incident Closed - No further action,21740,2025-12-03
737,738,364477,['Air'],2025-08-01,2025-08-01,Frederick,Incident Not Applicable to MDE,,
738,739,364476,['Air'],2025-07-29,2025-07-29,Charles,Incident Closed-Managed,,2025-09-23
739,740,364472,['Odor'],2025-07-31,2025-07-31,Dorchester,Incident Closed - No further action,21835,2025-07-31
740,741,364464,['ARA AQCP non-regulated entity'],2025-07-21,2025-07-21,Baltimore City,Incident Closed - No further action,,2025-07-31
741,742,364463,['Odor'],2025-07-14,2025-07-14,Baltimore City,Incident Closed-Managed,,2025-07-31
742,743,364462,['Odor'],2025-07-24,2025-07-24,Dorchester,Incident Closed - No further action,21835,2025-07-24
743,744,364460,['Odor'],2025-07-24,2025-07-24,Dorchester,Incident Closed - No further action,21835,2025-07-24
744,745,364459,['Smoke'],2025-07-10,2025-07-10,St. Mary's,Incident Closed-Managed,,2025-07-31
745,746,364458,['Fugitive Dust/Particulate Matter'],2025-07-09,2025-07-09,Baltimore City,Incident Closed-Managed,,2025-07-31
746,747,364457,['Odor'],2025-06-02,2025-06-02,Baltimore City,Incident Closed - No further action,,2025-07-31
747,748,364455,['Fugitive Dust/Particulate Matter'],2025-07-29,2025-07-29,Washington,Incident Closed - No further action,21740,2025-08-04
748,749,364454,['Fugitive Dust/Particulate Matter'],2025-05-14,2025-05-14,Baltimore City,Incident Closed-Managed,,2025-07-31
749,750,364452,"['Air', 'Open Burning', 'Smoke']",2025-07-28,2025-07-27,Carroll,Referred to Outside Agency,,
750,751,364448,['Odor'],2025-07-23,2025-07-23,Dorchester,Incident Closed - No further action,21835,2025-07-23
751,752,364447,"['Air', 'Fumes']",2025-07-24,2025-07-24,Montgomery,Incident Closed-Managed,,2025-07-28
752,753,364434,['Air'],2025-07-24,2025-07-24,Frederick,Incident Closed-No Violation Observed,,2025-08-07
753,754,364433,['Non-Tidal Wetlands/Waterway'],2025-07-17,2025-07-17,Allegany,Incident Closed - No further action,21502,2025-07-24
754,755,364432,['Odor'],2025-07-10,2025-07-10,Allegany,Incident Closed - No further action,21502,2025-07-24
755,756,364431,['Odor'],2025-07-19,2025-07-19,Dorchester,Incident Closed - No further action,21835,2025-07-19
756,757,364430,['Odor'],2025-07-19,2025-07-19,Dorchester,Incident Closed - No further action,21835,2025-07-19
757,758,364429,['Odor'],2025-07-19,2025-07-19,Dorchester,Incident Closed - No further action,21835,2025-07-19
758,759,364423,['Air'],2025-07-22,2025-07-22,Anne Arundel,Incident Not Applicable to MDE,,
759,760,364415,['Air'],2025-07-19,2025-07-19,Baltimore,Incident Closed-No Violation Observed,,2025-07-23
760,761,364408,['Other'],2025-07-16,2025-07-16,Howard,Incident Closed-Managed,,2025-07-18
761,762,364392,['ARA AQCP non-regulated entity'],2025-07-16,2025-07-14,Worcester,Incident Not Applicable to MDE,,
762,763,364387,['Air'],2025-07-14,2025-07-14,Carroll,Incident Closed - No further action,21757,2025-07-15
763,764,364383,['Odor'],2025-07-05,2025-07-05,Dorchester,Incident Closed - No further action,21835,2025-07-05
764,765,364382,['Odor'],2025-07-05,2025-07-04,Dorchester,Incident Closed - No further action,21835,2025-07-04
765,766,364373,['Air'],2025-07-11,2025-07-11,Anne Arundel,Incident Not Applicable to MDE,,
766,767,364371,['Air'],2025-07-11,2025-07-11,Carroll,Referred to Outside Agency,21784,
767,768,364368,['Other'],2025-07-09,2025-07-09,Howard,Incident Closed-Managed,,2025-07-11
768,769,364358,"['Air', 'Fugitive Dust/Particulate Matter']",2025-07-08,2025-07-08,Montgomery,Incident Closed-Managed,20877,2025-07-09
769,770,364354,['Air'],2025-07-07,2025-07-07,Anne Arundel,Incident Not Applicable to MDE,,
770,771,364338,['Other'],2025-07-03,2025-07-03,Prince George's,Incident Closed-Managed,,2025-07-11
771,772,364336,['Odor'],2025-07-02,2025-07-02,Allegany,Incident Closed - No further action,21502,2025-10-27
772,773,364333,['Air'],2025-07-02,2025-07-02,Baltimore,Incident Closed-Managed,,2025-07-03
773,774,364330,['ARA AQCP non-regulated entity'],2025-07-03,2025-06-26,Somerset,Incident Closed-Managed,,2025-07-03
774,775,364329,['Air'],2025-07-02,2025-07-02,Baltimore,Incident Closed-Managed,,2025-07-03
775,776,364327,"['Air', 'Fumes', 'Odor', 'Smoke']",2025-07-01,2025-07-01,Cecil,Referred to Outside Agency,21921,
776,777,364314,['Air'],2025-06-28,2025-06-28,Baltimore,Incident Closed-Managed,,2025-06-30
777,778,364312,['Other'],2025-06-25,2025-06-25,Prince George's,Incident Closed-Managed,,2025-06-30
778,779,364305,['Other'],2025-06-19,2025-05-13,Allegany,Incident Closed - No further action,,2025-06-27
779,780,364304,"['Odor', 'Smoke']",2025-06-12,2025-06-12,Allegany,Incident Closed - No further action,21555,2025-06-27
780,781,364303,['Other'],2025-06-10,2025-06-10,Allegany,Incident Closed - No further action,21502,2025-06-27
781,782,364302,['Other'],2025-06-10,2025-06-10,Allegany,Incident Closed - No further action,21502,2025-06-27
782,783,364297,"['Air', 'Fugitive Dust/Particulate Matter']",2025-06-24,2025-06-24,Cecil,Incident Closed-Managed,21921,2025-09-15
783,784,364296,"['Air', 'Fumes', 'Smoke']",2025-06-23,2025-06-23,Montgomery,Referred to Outside Agency,20910,
784,785,364288,['Other'],2025-06-10,2025-06-10,Not Yet Determined,Incident Closed - No further action,,2025-06-23
785,786,364285,"['Air', 'Fugitive Dust/Particulate Matter', 'Other']",2025-06-18,2025-06-18,Carroll,Incident Closed-Managed,21787,2025-06-23
786,787,364282,['Odor'],2025-06-18,2025-06-18,Anne Arundel,Incident Closed - No further action,21226,2025-06-18
787,788,364280,['Air'],2025-06-18,2025-06-18,Anne Arundel,Incident Not Applicable to MDE,21146,
788,789,364276,['Air'],2025-06-17,2025-06-17,Anne Arundel,Incident Not Applicable to MDE,21401,
789,790,364271,['Air'],2025-06-16,2025-06-16,Baltimore,Incident Closed-No Violation Observed,,2025-06-17
790,791,364268,['Air'],2025-06-16,2025-06-16,Anne Arundel,Incident Not Applicable to MDE,21060,
791,792,364266,"['Air', 'Odor', 'Smoke']",2025-06-14,2025-06-14,Cecil,Incident Closed - No further action,,2025-06-16
792,793,364261,['Other'],2025-06-13,2025-06-13,Prince George's,Incident Closed-Managed,,2025-06-16
793,794,364257,"['Air', 'Other', 'Unknown Substance']",2025-06-13,2025-06-13,Cecil,Incident Closed - No further action,21918,2025-06-13
794,795,364254,['Air'],2025-06-12,2025-06-12,Harford,Referred to Outside Agency,,
795,796,364252,['Other'],2025-06-09,2025-06-09,Howard,Incident Closed-Managed,21075,2025-06-12
796,797,364249,['Air'],2025-06-11,2025-06-11,Anne Arundel,Incident Not Applicable to MDE,,
797,798,364243,['Air'],2025-06-10,2025-06-10,Anne Arundel,Incident Closed-No Violation Observed,21060,2025-06-12
798,799,364234,['Air'],2025-06-05,2025-06-05,Anne Arundel,Incident Closed-No Violation Observed,21225,2025-06-12
799,800,364233,"['Air', 'Fugitive Dust/Particulate Matter', 'Suspected Operation without Permit']",2025-05-29,2025-05-29,Montgomery,Incident Closed-Managed,20910,2025-06-06
800,801,364232,['Air'],2025-06-05,2025-06-05,Carroll,Incident Closed-Managed,,2025-06-06
801,802,364199,['Air'],2025-05-30,2025-05-30,Anne Arundel,Incident Closed - No further action,20755,2025-08-26
802,803,364196,['Fugitive Dust/Particulate Matter'],2025-05-29,2025-05-29,Washington,Incident Closed-No Violation Observed,21742,2025-11-12
803,804,364187,['Air'],2025-05-27,2025-05-27,Baltimore,Incident Closed-No Violation Observed,,2025-05-29
804,805,364180,['Air'],2025-05-27,2025-05-27,Baltimore,Incident Closed-Managed,,2025-05-28
805,806,364175,['Air'],2025-05-19,2025-05-19,Anne Arundel,Incident Closed-Managed,20776,2025-06-17
806,807,364174,['Air'],2025-05-20,2025-05-20,Anne Arundel,Incident Closed-No Violation Observed,21060,2025-06-12
807,808,364173,['Odor'],2025-05-15,2025-05-14,Allegany,Incident Closed - No further action,21540,2025-06-20
808,809,364172,['ARA AQCP non-regulated entity'],2025-05-27,2025-05-15,Dorchester,Incident Closed-Managed,21613,2025-05-27
809,810,364171,['Odor'],2025-05-22,2025-05-22,Dorchester,Incident Closed - No further action,21835,2025-05-22
810,811,364170,['Odor'],2025-05-22,2025-05-22,Dorchester,Incident Closed - No further action,21835,2025-05-22
811,812,364169,['Odor'],2025-05-21,2025-05-21,Dorchester,Incident Closed - No further action,21835,2025-05-21
812,813,364168,['Odor'],2025-05-21,2025-05-21,Dorchester,Incident Closed - No further action,21835,2025-05-21
813,814,364167,['Odor'],2025-05-21,2025-05-21,Dorchester,Incident Closed - No further action,21835,2025-05-21
814,815,364166,['Odor'],2025-05-21,2025-05-21,Dorchester,Incident Closed - No further action,21835,2025-05-21
815,816,354161,['Odor'],2025-05-20,2025-05-20,Baltimore City,Incident Closed-Managed,,2025-05-22
816,817,354160,['ARA AQCP non-regulated entity'],2025-05-20,2025-05-20,Baltimore City,Incident Closed - No further action,,2025-05-22
817,818,354159,['Odor'],2025-05-12,2025-05-12,Baltimore City,Incident Closed-Managed,,2025-05-22
818,819,354158,['Odor'],2025-05-06,2025-05-06,Baltimore City,Incident Closed-Managed,,2025-05-22
819,820,354157,['Odor'],2025-05-04,2025-05-04,Baltimore City,Incident Closed-Managed,,2025-05-22
820,821,354156,['Odor'],2025-05-03,2025-05-03,Baltimore City,Incident Closed-Managed,,2025-05-22
821,822,354155,['Odor'],2025-04-23,2025-04-23,Baltimore City,Incident Closed-Managed,,2025-05-22
822,823,354154,['Odor'],2025-04-14,2025-04-14,Baltimore City,Incident Closed-Managed,,2025-05-22
823,824,354150,"['Air', 'Fugitive Dust/Particulate Matter', 'Smoke']",2025-05-09,2025-05-04,Montgomery,Incident Closed-Managed,20855,2025-10-03
824,825,354142,['Air'],2025-05-20,2025-05-19,Baltimore,Referred to Outside Agency,,
825,826,354140,"['Air', 'Open Burning']",2025-05-14,2025-05-14,Statewide,Incident Closed - No further action,,2025-05-19
826,827,354136,['Other'],2025-05-16,2025-05-16,Prince George's,Incident Closed-Managed,,2025-05-19
827,828,354135,['Other'],2025-05-15,2025-05-15,Prince George's,Incident Closed-Managed,,2025-05-19
828,829,354133,['Fumes'],2025-05-12,2025-05-12,Allegany,Incident Closed - No further action,21502,2025-06-20
829,830,354131,['Odor'],2025-05-15,2025-05-14,Dorchester,Incident Closed - No further action,21835,2025-05-14
830,831,354130,['Odor'],2025-05-14,2025-05-14,Dorchester,Incident Closed - No further action,21835,2025-05-14
831,832,354129,['Odor'],2025-05-14,2025-05-14,Dorchester,Incident Closed - No further action,21835,2025-05-14
832,833,354128,['Odor'],2025-05-14,2025-05-14,Dorchester,Incident Closed - No further action,21835,2025-05-14
833,834,354127,['Odor'],2025-05-14,2025-05-14,Dorchester,Incident Closed - No further action,21835,2025-05-14
834,835,354116,['Air'],2025-05-13,2025-05-13,Anne Arundel,Incident Closed-Managed,,2025-05-29
835,836,354113,['Air'],2025-05-12,2025-05-12,Anne Arundel,Incident Closed-No Violation Observed,21060,2025-06-12
836,837,354111,"['Air', 'Odor']",2025-05-13,2025-05-12,Cecil,Referred to Outside Agency,21911,
837,838,354107,['Air'],2025-05-09,2025-05-09,Anne Arundel,Incident Closed - No further action,,2025-05-29
838,839,354101,['Air'],2025-05-08,2025-05-08,Baltimore,Referred to Outside Agency,,
839,840,354100,['Air'],2025-05-09,2025-05-09,Baltimore,Incident Closed-Managed,,2025-05-12
840,841,354099,['Other'],2025-05-12,2025-05-12,Prince George's,Incident Closed-Managed,,2025-05-12
841,842,354098,['Air'],2025-05-08,2025-05-08,Frederick,Incident Closed - No further action,21701,2025-06-12
842,843,354097,['Air'],2025-05-02,2025-05-02,Frederick,Incident Closed-No Violation Observed,21755,2025-06-11
843,844,354094,"['Air', 'Odor']",2025-05-09,2025-04-30,Cecil,Incident Closed-Managed,21901,2025-05-09
844,845,354092,"['Air', 'Odor', 'Smoke']",2025-05-05,2025-05-05,Montgomery,Incident Closed - No further action,,2025-05-09
845,846,354077,['ARA AQCP non-regulated entity'],2025-05-05,2025-04-24,Wicomico,Incident Closed-Managed,,2025-04-29
846,847,354076,"['Fumes', 'Possible Permit Violation']",2025-05-02,2025-05-02,Washington,Under Investigation,21740,
847,848,354067,"['Air', 'Fugitive Dust/Particulate Matter']",2025-05-02,2025-05-01,Cecil,Incident Closed-Managed,21920,2026-03-12
848,849,354066,"['Air', 'Fugitive Dust/Particulate Matter']",2025-04-29,2025-04-29,Cecil,Incident Closed-Managed,21921,2025-09-15
849,850,354065,['Air'],2025-05-02,2025-05-02,Baltimore,Incident Closed-Managed,,2025-05-02
850,851,354064,"['Odor', 'Smoke']",2025-05-01,2025-05-01,Allegany,Incident Closed - No further action,26753,2025-11-03
851,852,354063,['Air'],2025-04-30,2025-04-30,Frederick,Incident Closed-Managed,21771,2025-05-12
852,853,354060,['Smoke'],2025-04-25,2025-04-25,Allegany,Under Investigation,26753,
853,854,354058,['Air'],2025-04-30,2025-04-30,Anne Arundel,Incident Closed-No Violation Observed,21226,2025-05-01
854,855,354056,['Other'],2025-04-30,2025-04-30,Howard,Incident Closed-Managed,,2025-05-01
855,856,354051,['Smoke'],2025-04-14,2025-04-14,Allegany,Incident Closed - No further action,21502,2025-06-20
856,857,354050,['Air'],2025-04-28,2025-04-28,Baltimore,Incident Closed-Managed,,2025-05-02
857,858,354049,['Air'],2025-04-28,2025-04-28,Frederick,Incident Closed-No Violation Observed,21703,2025-06-10
858,859,354047,['ARA AQCP non-regulated entity'],2025-04-28,2025-03-12,Prince George's,Incident Closed - No further action,,2025-03-12
859,860,354045,['Other'],2025-04-27,2025-04-27,Prince George's,Incident Closed-Managed,,2025-04-28
860,861,354044,['Other'],2025-04-26,2025-04-26,Prince George's,Incident Closed-Managed,20785,2025-04-28
861,862,354042,['Air'],2025-04-22,2025-04-22,Anne Arundel,Incident Closed-No Violation Observed,21226,2025-04-30
862,863,354041,['Air'],2025-04-21,2025-04-21,Anne Arundel,Incident Closed-No Violation Observed,,2025-04-23
863,864,354022,['Air'],2025-04-20,2025-04-20,Anne Arundel,Incident Closed-No Violation Observed,21060,2025-04-30
864,865,354016,['Air'],2025-04-11,2025-04-11,Anne Arundel,Incident Closed-No Violation Observed,,2025-04-17
865,866,354003,['Air'],2025-04-15,2025-04-15,St. Mary's,Incident Closed-No Violation Observed,,2025-10-30
866,867,353991,['Air'],2025-04-14,2025-04-14,Anne Arundel,Incident Closed-Managed,21226,2025-04-14
867,868,353989,['Odor'],2025-04-14,2025-04-14,Howard,Incident Closed - No further action,,2025-04-14
868,869,353987,['Other'],2025-04-11,2025-04-11,Allegany,Incident Closed - No further action,21539,2025-05-07
869,870,353982,['Other'],2025-04-09,2025-04-09,Prince George's,Incident Closed-Managed,,2025-04-11
870,871,353981,['Other'],2025-04-09,2025-04-09,Prince George's,Incident Closed-Managed,,2025-04-11
871,872,353980,['Other'],2025-04-07,2025-04-07,Prince George's,Incident Closed-Managed,,2025-04-11
872,873,353965,['Odor'],2025-04-08,2025-04-04,Anne Arundel,Incident Closed-Managed,,2025-04-08
873,874,353963,['Air'],2025-04-08,2025-04-08,Anne Arundel,Incident Closed-Managed,21226,2025-04-14
874,875,353960,['Noise Complaint'],2025-04-05,2025-04-05,Anne Arundel,Incident Closed-No Violation Observed,,2025-04-08
875,876,353959,['Air'],2025-03-28,2025-03-28,Anne Arundel,Incident Closed-No Violation Observed,21060,2025-04-14
876,877,353958,['Air'],2025-03-28,2025-03-28,Frederick,Incident Closed-No Violation Observed,21703,2025-06-10
877,878,353957,['Air'],2025-03-28,2025-03-28,Anne Arundel,Incident Closed - No further action,21403,2025-08-18
878,879,353956,['Air'],2025-03-27,2025-02-27,Anne Arundel,Incident Closed-No Violation Observed,21226,2025-04-14
879,880,353955,['Air'],2025-04-05,2025-04-05,Anne Arundel,Incident Closed-No Violation Observed,21060,2025-04-14
880,881,353954,['Air'],2025-04-05,2025-04-05,Anne Arundel,Incident Closed-No Violation Observed,21060,2025-04-14
881,882,353953,['Air'],2025-04-04,2025-04-04,Anne Arundel,Incident Closed-Managed,21060,2025-04-14
882,883,353948,['Air'],2025-04-07,2025-04-07,Baltimore,Incident Closed-Managed,,2025-04-07
883,884,353947,['Air'],2025-04-02,2025-04-02,Harford,Referred to ARA,,
884,885,353944,['Other'],2025-04-02,2025-04-02,Prince George's,Incident Closed-Managed,,2025-04-04
885,886,353942,['Odor'],2025-03-27,2025-03-27,Baltimore City,Incident Closed-Managed,,2025-04-03
886,887,353941,['Odor'],2025-03-23,2025-03-23,Baltimore City,Incident Closed-Managed,,2025-04-03
887,888,353940,['Odor'],2025-03-19,2025-03-19,Baltimore City,Incident Closed - No further action,,2025-04-03
888,889,353939,['Odor'],2025-03-14,2025-03-14,Baltimore City,Incident Closed-Managed,,2025-04-03
889,890,353938,['Odor'],2025-03-14,2025-03-14,Baltimore City,Incident Closed - No further action,,2025-04-03
890,891,353937,['Odor'],2025-03-14,2025-03-14,Baltimore City,Incident Closed-Managed,,2025-04-03
891,892,353936,['Odor'],2025-03-13,2025-03-13,Baltimore City,Incident Closed-Managed,,2025-04-03
892,893,353935,['Odor'],2025-03-11,2025-03-11,Baltimore City,Incident Closed-Managed,,2025-04-03
893,894,353934,['Odor'],2025-03-01,2025-03-01,Baltimore City,Incident Closed-Managed,,2025-04-03
894,895,353933,['Fugitive Dust/Particulate Matter'],2025-02-28,2025-02-28,Baltimore City,Incident Closed-Managed,,2025-04-03
895,896,353932,['Odor'],2025-02-27,2025-02-27,Baltimore City,Incident Closed-Managed,,2025-04-03
896,897,353930,['Odor'],2025-02-24,2025-02-24,Baltimore City,Incident Closed-Managed,,2025-04-03
897,898,353929,['Odor'],2025-01-27,2025-01-27,St. Mary's,Incident Closed-Managed,,2025-04-03
898,899,353928,['Odor'],2025-01-25,2025-01-25,St. Mary's,Incident Closed-Managed,,2025-04-03
899,900,353927,['Odor'],2025-01-24,2025-01-24,St. Mary's,Incident Closed-Managed,,2025-04-03
900,901,353926,['Open Burning'],2025-02-13,2025-02-13,Baltimore City,Incident Closed-Managed,,2025-04-03
901,902,353924,['Odor'],2025-02-10,2025-02-10,Baltimore City,Incident Closed-Managed,,2025-04-03
902,903,353922,['Odor'],2025-02-05,2025-02-05,Baltimore City,Incident Closed-Managed,,2025-04-03
903,904,353921,['Odor'],2025-02-03,2025-02-03,Baltimore City,Incident Closed-Managed,,2025-04-03
904,905,353916,['Air'],2025-03-31,2025-03-31,Baltimore,Referred to Outside Agency,,
905,906,353914,['Air'],2025-04-02,2025-03-31,Baltimore,Incident Closed-Managed,,2025-04-02
906,907,353909,['Air'],2025-04-01,2025-03-31,Baltimore,Incident Closed-Managed,,2025-04-01
907,908,353900,['Air'],2025-03-29,2025-03-29,Baltimore,Incident Closed-Managed,,2025-04-07
908,909,353897,['Air'],2025-03-28,2025-03-28,Baltimore,Under Investigation,,
909,910,353890,['ARA AQCP non-regulated entity'],2025-03-27,2025-03-20,Dorchester,Incident Closed-No Violation Observed,,2025-03-25
910,911,353886,['Air'],2025-03-20,2025-03-20,Harford,Incident Closed-No Violation Observed,,2025-03-28
911,912,353885,['Air'],2025-03-19,2025-03-19,Harford,Incident Closed-No Violation Observed,,2025-04-24
912,913,353881,['Air'],2025-03-22,2025-03-22,Anne Arundel,Incident Closed - No further action,21122,2025-03-24
913,914,353880,['Air'],2025-03-23,2025-03-23,Anne Arundel,Incident Closed-No Violation Observed,21060,2025-04-14
914,915,353879,['Air'],2025-03-21,2025-03-21,Anne Arundel,Incident Closed-Managed,21060,2025-04-14
915,916,353878,['Air'],2025-03-21,2025-03-21,Anne Arundel,Incident Closed-Managed,21060,2025-04-14
916,917,353877,['Air'],2025-03-21,2025-03-21,Anne Arundel,Incident Closed-Managed,21060,2025-04-14
917,918,353876,['Air'],2025-03-21,2025-03-21,Anne Arundel,Incident Closed-Managed,21060,2025-04-14
918,919,353859,['Other'],2025-03-18,2025-03-18,Prince George's,Incident Closed-Managed,,2025-03-21
919,920,343858,['Air'],2025-03-20,2025-03-20,Anne Arundel,Incident Closed-Managed,21060,2025-04-14
920,921,343856,['ARA AQCP non-regulated entity'],2025-03-17,2025-03-17,Somerset,Incident Closed-Managed,21853,2025-03-20
921,922,343855,['Air'],2025-03-18,2025-03-18,Anne Arundel,Incident Closed-No Violation Observed,,2025-03-20
922,923,343851,['Air'],2025-03-19,2025-03-19,Baltimore,Incident Closed-No Violation Observed,,2025-03-27
923,924,343846,['Air'],2025-03-17,2025-03-17,Frederick,Incident Closed-Managed,21766,2025-03-20
924,925,343845,['Air'],2025-03-14,2025-03-14,Frederick,Incident Closed-Managed,21776,2025-03-20
925,926,343841,['Air'],2025-03-14,2025-03-14,Anne Arundel,Incident Closed-Managed,21060,2025-03-17
926,927,343840,['Other'],2025-03-14,2025-03-14,Prince George's,Incident Closed-Managed,,2025-03-17
927,928,343839,['Other'],2025-03-14,2025-03-14,Prince George's,Incident Closed-Managed,,2025-04-11
928,929,343838,['Air'],2025-03-14,2025-03-14,Anne Arundel,Incident Closed-Managed,21226,2025-03-17
929,930,343837,['Air'],2025-03-14,2025-03-14,Frederick,Incident Closed-Managed,21788,2025-03-18
930,931,343835,['Air'],2025-03-14,2025-03-13,Baltimore,Incident Closed-Managed,,2025-03-31
931,932,343831,['Air'],2025-03-14,2025-03-14,Anne Arundel,Incident Closed-Managed,,2025-03-14
932,933,343828,['Air'],2025-03-12,2025-03-12,Baltimore,Under Investigation,,
933,934,343827,['Noise Complaint'],2025-03-11,2025-03-08,Cecil,Incident Not Applicable to MDE,21904,
934,935,343818,['ARA AQCP non-regulated entity'],2025-03-06,2025-03-06,Caroline,Incident Closed-Managed,,2025-03-06
935,936,343812,['Air'],2025-03-10,2025-03-10,Charles,Incident Closed-Managed,20613,2025-03-20
936,937,343808,['Air'],2025-03-07,2025-03-07,Anne Arundel,Incident Closed-No Violation Observed,21401,2025-03-12
937,938,343801,"['Odor', 'Smoke']",2025-03-03,2025-03-03,Washington,Incident Closed - No further action,21742,2025-06-20
938,939,343799,"['Open Burning', 'Smoke']",2025-03-03,2025-03-03,Washington,Referred to Outside Agency,21740,
939,940,343798,['Air'],2025-03-06,2025-03-06,Baltimore,Referred to Outside Agency,,
940,941,343797,"['Open Burning', 'Smoke']",2025-03-02,2025-03-02,Allegany,Referred to Outside Agency,21502,
941,942,343788,"['Air', 'Fumes', 'Odor']",2025-03-03,2025-03-01,Montgomery,Referred to Outside Agency,20832,
942,943,343787,['Air'],2025-02-27,2025-02-27,Baltimore,Referred to LMA,,
943,944,343786,['ARA AQCP non-regulated entity'],2025-03-05,,Wicomico,Incident Closed-No Violation Observed,,2025-03-11
944,945,343784,['ARA AQCP non-regulated entity'],2025-03-05,2025-02-28,Dorchester,Incident Closed-Managed,,2025-03-05
945,946,343783,['ARA AQCP non-regulated entity'],2025-03-05,2025-02-26,Caroline,Incident Closed-No Violation Observed,,2025-03-05
946,947,343782,['ARA AQCP non-regulated entity'],2025-03-05,2025-02-27,,Incident Closed-No Violation Observed,,2025-02-27
947,948,343781,['Fugitive Dust/Particulate Matter'],2025-03-05,2025-02-24,Talbot,Incident Closed-Managed,21601,2025-03-05
948,949,343778,['Air'],2025-03-04,2025-02-26,Anne Arundel,Under Investigation,,
949,950,343749,['Air'],2025-03-02,2025-03-02,Anne Arundel,Incident Closed-Managed,21226,2025-03-05
950,951,343744,['Other'],2025-02-27,2025-02-27,Prince George's,Incident Closed-Managed,20781,2025-03-10
951,952,343742,['Odor'],2025-02-25,2025-02-25,Baltimore City,Incident Closed-No Violation Observed,,2025-02-28
952,953,343741,['Odor'],2025-02-25,2025-02-25,Baltimore City,Incident Closed-No Violation Observed,,2025-02-28
953,954,343740,['Air'],2025-02-25,2025-02-25,Anne Arundel,Incident Closed-Managed,21226,2025-02-27
954,955,343739,['Air'],2025-02-25,2025-02-25,Anne Arundel,Incident Closed-Managed,21226,2025-02-27
955,956,343738,['Air'],2025-02-25,2025-02-25,Anne Arundel,Incident Closed-Managed,21060,2025-02-27
956,957,343737,['Air'],2025-02-25,2025-02-25,Anne Arundel,Incident Closed-Managed,21060,2025-02-27
957,958,343736,['Air'],2025-02-25,2025-02-25,Anne Arundel,Incident Closed-Managed,21060,2025-02-27
958,959,343735,['Air'],2025-02-25,2025-02-25,Anne Arundel,Incident Closed-Managed,21060,2025-02-27
959,960,343734,['Air'],2025-02-25,2025-02-25,Anne Arundel,Incident Closed-Managed,21226,2025-02-27
960,961,343733,['Air'],2025-02-25,2025-02-25,Anne Arundel,Incident Closed-Managed,21226,2025-02-27
961,962,343732,['Air'],2025-02-25,2025-02-25,Anne Arundel,Incident Closed-Managed,21226,2025-02-27
962,963,343731,['Air'],2025-02-25,2025-02-25,Anne Arundel,Incident Closed-Managed,21226,2025-02-27
963,964,343730,['Air'],2025-02-25,2025-02-25,Anne Arundel,Incident Closed-Managed,21226,2025-02-27
964,965,343727,['Air'],2025-02-25,2025-02-25,Anne Arundel,Incident Closed-Managed,21226,2025-02-27
965,966,343725,['Noise Complaint'],2025-02-18,2025-02-18,Howard,Incident Closed - No further action,20723,2025-02-18
966,967,343724,['Air'],2025-02-25,2025-02-25,Anne Arundel,Incident Closed-Managed,21226,2025-02-27
967,968,343723,['Air'],2025-02-25,2025-02-25,Anne Arundel,Incident Closed-Managed,21226,2025-02-27
968,969,343722,['Air'],2025-02-25,2025-02-25,Anne Arundel,Incident Closed-Managed,21226,2025-02-27
969,970,343719,['Air'],2025-02-26,2025-02-26,Frederick,Incident Closed - No further action,21788,2025-02-27
970,971,343718,"['Air', 'Fumes', 'Odor']",2025-02-25,2025-02-20,Montgomery,Referred to Outside Agency,20906,
971,972,343716,['Air'],2025-02-25,2025-02-25,Anne Arundel,Incident Closed-Managed,21225,2025-03-05
972,973,343715,['Air'],2025-02-26,2025-02-26,Anne Arundel,Incident Closed-Managed,21060,2025-03-05
973,974,343713,['Air'],2025-02-25,2025-02-26,Montgomery,Referred to Outside Agency,,
974,975,343699,['Air'],2025-02-25,2025-02-24,Baltimore,Referred to Outside Agency,,
975,976,343698,['Air'],2025-02-24,2025-02-24,Anne Arundel,Incident Not Applicable to MDE,21122,
976,977,343697,['Air'],2025-02-23,2025-02-23,Anne Arundel,Incident Closed - No further action,21032,2025-02-24
977,978,343694,['Air'],2025-02-21,2025-02-24,Anne Arundel,Referred to WMA,,
978,979,343693,['Air'],2025-02-24,2025-02-24,Frederick,Under Investigation,,
979,980,343692,['Air'],2025-02-24,2025-02-24,Anne Arundel,Incident Closed-Managed,21226,2025-02-26
980,981,343691,['Open Burning'],2025-02-24,2025-02-23,Washington,Referred to Outside Agency,21740,
981,982,343690,['Open Burning'],2025-02-21,2025-02-21,Washington,Referred to Outside Agency,21740,
982,983,343689,"['Odor', 'Smoke']",2025-02-24,2025-02-24,Allegany,Under Investigation,21502,
983,984,343688,['Other'],2025-02-20,2025-02-20,Prince George's,Incident Closed-Managed,,2025-02-24
984,985,343687,['Other'],2025-02-17,2025-02-17,Howard,Incident Closed-Managed,,2025-02-24
985,986,333688,['Air'],2025-02-19,2025-02-19,Anne Arundel,Incident Closed - No further action,21114,2025-03-03
986,987,333681,['Air'],2025-02-18,2025-02-18,Anne Arundel,Incident Closed-Managed,20711,2025-02-19
987,988,333680,['Air'],2025-02-18,2025-02-18,Anne Arundel,Incident Not Applicable to MDE,,
988,989,333674,['Air'],2025-02-18,2025-02-13,Anne Arundel,Incident Closed-Managed,,2025-08-13
989,990,333673,['Air'],2025-02-13,2025-02-14,Baltimore,Under Investigation,,
990,991,333672,['Air'],2025-02-13,2025-02-14,Harford,Incident Closed-Managed,,2025-10-30
991,992,333671,['Smoke'],2025-02-13,2025-01-27,Allegany,Under Investigation,21502,
992,993,333670,['Noise Complaint'],2025-02-08,2025-02-08,Harford,Incident Closed - No further action,20723,2025-02-08
993,994,333668,"['Air Pollutant Release', 'Odor', 'Smoke']",2025-02-13,2024-12-30,Allegany,Under Investigation,21502,
994,995,333666,['Air'],2025-02-13,2025-02-13,Anne Arundel,Incident Not Applicable to MDE,21076,
995,996,333657,['Air'],2025-02-11,2025-02-11,Anne Arundel,Incident Not Applicable to MDE,21076,
996,997,333650,['Odor'],2025-02-06,2025-02-06,Worcester,Incident Closed-Managed,,2025-02-07
997,998,333646,['Air'],2025-02-06,2025-02-06,Harford,Incident Closed - No further action,21015,2025-02-06
998,999,333634,['Air'],2025-02-03,2025-02-03,Baltimore,Incident Closed-No Violation Observed,,2025-03-27
999,1000,333630,['Air'],2025-02-03,2025-01-30,Harford,Referred to Outside Agency,,
1000,1001,333629,['Air'],2025-01-31,2025-01-31,Baltimore,Referred to Outside Agency,,
1001,1002,333626,['Odor'],2025-01-29,2025-01-27,Dorchester,Incident Closed - No further action,21835,2025-01-27
1002,1003,333625,['Odor'],2025-01-29,2025-01-24,Dorchester,Incident Closed - No further action,21835,2025-01-24
1003,1004,333624,['Odor'],2025-01-27,2025-01-27,St. Mary's,Incident Closed-Managed,,2025-01-31
1004,1005,333623,['Odor'],2025-01-27,2025-01-27,St. Mary's,Incident Closed-Managed,,2025-01-31
1005,1006,333622,['Odor'],2025-01-27,2025-01-27,St. Mary's,Incident Closed-Managed,,2025-01-31
1006,1007,333621,['Odor'],2025-01-27,2025-01-27,St. Mary's,Incident Closed-Managed,,2025-01-31
1007,1008,333620,['Odor'],2025-01-27,2025-01-27,St. Mary's,Incident Closed-Managed,,2025-01-31
1008,1009,333619,['Odor'],2025-01-27,2025-01-27,St. Mary's,Incident Closed-Managed,,2025-01-31
1009,1010,333618,['Odor'],2025-01-27,2025-01-27,St. Mary's,Incident Closed-Managed,,2025-01-31
1010,1011,333617,['Odor'],2025-01-27,2025-01-27,St. Mary's,Incident Closed-Managed,,2025-01-31
1011,1012,333616,['Odor'],2025-01-27,2025-01-27,St. Mary's,Incident Closed-Managed,,2025-01-31
1012,1013,333615,['Odor'],2025-01-23,2025-01-23,St. Mary's,Incident Closed-Managed,,2025-01-31
1013,1014,333613,['Odor'],2025-01-24,2025-01-24,St. Mary's,Incident Closed-Managed,,2025-01-31
1014,1015,333612,['Odor'],2025-01-22,2025-01-22,St. Mary's,Incident Closed-Managed,,2025-01-31
1015,1016,333611,['Odor'],2025-01-21,2025-01-21,Baltimore,Incident Closed-Managed,,2025-01-31
1016,1017,333610,['Odor'],2025-01-20,2025-01-20,Baltimore City,Incident Closed-Managed,,2025-01-31
1017,1018,333609,['Odor'],2025-01-18,2025-01-18,Baltimore City,Incident Closed-Managed,,2025-01-31
1018,1019,333608,['Odor'],2025-01-17,2025-01-17,Baltimore City,Incident Closed-Managed,,2025-01-31
1019,1020,333607,['Fugitive Dust/Particulate Matter'],2025-01-09,2025-01-09,Baltimore City,Incident Closed-Managed,,2025-01-31
1020,1021,333606,['Other'],2025-01-22,2025-01-22,Prince George's,Incident Closed-Managed,,2025-01-31
1021,1022,333604,"['Agricultural', 'Air']",2025-01-29,2025-01-30,Harford,Referred to Outside Agency,,
1022,1023,333597,"['Air', 'Fugitive Dust/Particulate Matter', 'Fumes', 'Noise Complaint']",2025-01-23,2025-01-23,Montgomery,Referred to Outside Agency,20814,
1023,1024,333596,['Air'],2025-01-28,2025-01-28,Anne Arundel,Incident Closed-No Violation Observed,21114,2025-01-30
1024,1025,333595,"['Air', 'Odor', 'Smoke']",2025-01-24,2025-01-24,Montgomery,Incident Closed - No further action,20905,2025-01-28
1025,1026,323574,['Air'],2025-01-23,2025-01-23,Baltimore,Incident Closed - No further action,21230,2025-01-23
1026,1027,323572,['Air'],2025-01-22,2025-01-22,Anne Arundel,Incident Closed-No Violation Observed,20764,2025-01-23
1027,1028,323571,['Air'],2025-01-22,2025-01-21,Baltimore,Referred to ARA,21222,
1028,1029,323570,['Air'],2025-01-22,2025-01-21,Baltimore,Referred to ARA,21222,
1029,1030,323569,['Air'],2025-01-22,2025-01-21,Baltimore,Referred to ARA,21222,
1030,1031,323563,['Smoke'],2025-01-16,2025-01-16,Allegany,Under Investigation,21502,
1031,1032,323562,['Other'],2025-01-17,2025-01-17,Howard,Incident Closed-Managed,,2025-01-21
1032,1033,323561,['Air'],2025-01-19,2025-01-19,Anne Arundel,Incident Closed-No Violation Observed,21060,2025-01-29
1033,1034,323560,['Air'],2025-01-13,2025-01-13,Anne Arundel,Incident Closed-No Violation Observed,21037,2025-01-21
1034,1035,323548,"['Air', 'Fumes', 'Odor']",2025-01-09,2025-01-09,Cecil,Incident Closed-Managed,21903,2025-02-10
1035,1036,323546,"['Odor', 'Smoke']",2025-01-14,2025-01-14,Allegany,Under Investigation,21502,
1036,1037,323540,['Air Pollutant Release'],2025-01-09,2025-01-08,Allegany,Referred to Outside Agency,21502,
1037,1038,323535,['Odor'],2025-01-09,2025-01-04,Anne Arundel,Incident Closed-Managed,,2025-01-09
1038,1039,323534,"['Odor', 'Smoke']",2025-01-07,2024-12-23,Allegany,Under Investigation,21502,
1039,1040,323531,['Open Burning'],2025-01-02,2025-01-02,Washington,Referred to Outside Agency,21740,
1040,1041,323530,['Coal Mining'],2024-12-27,2024-12-27,Allegany,Incident Closed - No further action,,2025-01-09
1041,1042,323529,['Smoke'],2024-12-27,2024-12-27,Allegany,Incident Closed-No Violation Observed,21502,2025-05-09
1042,1043,323528,['Other'],2025-01-05,2025-01-05,Prince George's,Incident Closed-Managed,20737,2025-01-08
1043,1044,323527,['Other'],2024-12-08,2024-12-08,Prince George's,Incident Closed-Managed,20737,2025-01-08
1044,1045,323523,['Odor'],2024-12-19,2024-12-19,Baltimore City,Incident Closed-Managed,,2025-01-07
1045,1046,323522,['Odor'],2024-12-31,2024-12-31,Baltimore City,Incident Closed-Managed,,2025-01-07
1046,1047,323521,['Odor'],2024-12-27,2024-12-27,Baltimore City,Incident Closed-Managed,,2025-01-07
1047,1048,323520,['Air'],2025-01-06,2025-01-06,Baltimore City,Incident Closed-No Violation Observed,21226,2025-01-29
1048,1049,323518,['Air'],2025-01-02,2025-01-02,Outside of Maryland,Incident Closed-No Violation Observed,,2025-01-06
1049,1050,323516,['ARA AQCP non-regulated entity'],2025-01-02,2024-12-27,Dorchester,Incident Closed - No further action,,2024-12-27
1050,1051,323516,['ARA AQCP non-regulated entity'],2025-01-02,2024-12-27,Dorchester,Incident Closed - No further action,,2024-12-27
1051,1052,323515,['Other'],2024-12-30,2024-12-30,Prince George's,Incident Closed-Managed,,2024-12-31
1052,1053,323514,['Other'],2024-12-30,2024-12-30,Prince George's,Incident Closed-Managed,,2024-12-31
1053,1054,323513,['Other'],2024-12-30,2024-12-30,Prince George's,Incident Closed-Managed,,2024-12-31
1054,1055,323512,['Other'],2024-12-30,2024-12-30,Prince George's,Incident Closed-Managed,,2024-12-31
1055,1056,323509,['Air'],2024-12-28,2024-12-28,Anne Arundel,Incident Closed - No further action,21401,2025-05-12
1056,1057,323508,['Other'],2024-12-23,2024-12-23,Prince George's,Incident Closed-Clean-up Completed,,2024-12-27
1057,1058,323507,['Air'],2024-12-20,2024-12-20,Frederick,Incident Closed-No Violation Observed,21701,2024-12-30
1058,1059,323506,['Air'],2024-12-20,2024-12-20,,Referred to Outside Agency,,
1059,1060,323505,['Air'],2024-12-23,2024-12-23,Anne Arundel,Incident Closed-Managed,21226,2024-12-26
1060,1061,323501,"['Air', 'Fugitive Dust/Particulate Matter', 'Other']",2024-12-19,2024-12-19,Carroll,Incident Closed - No further action,21157,2024-12-20
1061,1062,323499,['Other'],2024-12-10,2024-12-10,Prince George's,Incident Closed-Managed,,2024-12-20
1062,1063,313499,['Air'],2024-12-19,2024-12-19,Anne Arundel,Under Investigation,,
1063,1064,313497,['Air'],2024-12-17,2024-12-17,Anne Arundel,Incident Closed-No Violation Observed,21226,2024-12-18
1064,1065,313495,['Air'],2024-12-17,2024-12-17,Frederick,Incident Closed-No Violation Observed,21701,2024-12-30
1065,1066,313494,['Air'],2024-12-16,2024-12-16,Anne Arundel,Incident Closed-No Violation Observed,21226,2024-12-18
1066,1067,313493,['Air'],2024-12-14,2024-12-14,Anne Arundel,Incident Closed-No Violation Observed,21226,2024-12-18
1067,1068,313492,['Air'],2024-12-14,2024-12-14,Anne Arundel,Incident Closed-No Violation Observed,21226,2024-12-18
1068,1069,313488,['Smoke'],2024-12-13,2024-12-13,Wicomico,Incident Closed-No Violation Observed,21849,2024-12-17
1069,1070,313486,['Smoke'],2024-12-12,2024-12-12,Baltimore,Incident Closed-Managed,,2024-12-13
1070,1071,313485,['Odor'],2024-12-11,2024-12-11,Baltimore City,Incident Closed-Managed,,2024-12-13
1071,1072,313484,['Odor'],2024-12-09,2024-12-09,Baltimore City,Incident Closed-Managed,,2024-12-13
1072,1073,313480,['Odor'],2024-12-10,2024-12-10,Worcester,Incident Closed-No Violation Observed,21811,2024-12-12
1073,1074,313472,['Odor'],2024-11-24,2024-11-24,Baltimore City,Incident Closed-Managed,,2024-12-10
1074,1075,313471,['Odor'],2024-11-26,2024-11-26,Baltimore,Incident Closed-Managed,,2024-12-10
1075,1076,313470,['ARA AQCP non-regulated entity'],2024-11-19,2024-11-19,Baltimore,Incident Closed - No further action,,2024-12-10
1076,1077,313469,['Odor'],2024-11-19,2024-11-19,Baltimore City,Incident Closed-Managed,,2024-12-10
1077,1078,313468,['Fugitive Dust/Particulate Matter'],2024-11-08,2024-11-08,Baltimore,Incident Closed-Managed,,2024-12-10
1078,1079,313467,['Open Burning'],2024-11-07,2024-11-07,Calvert,Incident Closed-Managed,,2024-12-10
1079,1080,313466,['Fugitive Dust/Particulate Matter'],2024-11-07,2024-11-07,Baltimore,Incident Closed-Managed,,2024-12-10
1080,1081,313465,['ARA AQCP non-regulated entity'],2024-11-07,2024-11-07,Baltimore,Incident Closed - No further action,,2024-12-10
1081,1082,313464,['Fugitive Dust/Particulate Matter'],2024-11-06,2024-11-06,Baltimore,Incident Closed-Managed,,2024-12-10
1082,1083,313463,['Odor'],2024-11-13,2024-11-13,Baltimore City,Incident Closed-Managed,,2024-12-10
1083,1084,313462,['Fugitive Dust/Particulate Matter'],2024-11-09,2024-11-09,Baltimore,Incident Closed-Managed,,2024-12-10
1084,1085,313461,['ARA AQCP non-regulated entity'],2024-10-30,2024-10-30,Baltimore,Incident Closed-Managed,,2024-12-10
1085,1086,313460,['Fugitive Dust/Particulate Matter'],2024-10-28,2024-10-28,Baltimore,Incident Closed-Managed,,2024-12-10
1086,1087,313457,"['Air', 'Other', 'Smoke']",2024-12-06,2024-12-06,Statewide,Incident Closed-Managed,,2024-12-09
1087,1088,313453,"['Air', 'Fugitive Dust/Particulate Matter']",2024-12-06,2024-12-06,Montgomery,Incident Closed-Managed,20814,2024-12-06
1088,1089,313450,['Fugitive Dust/Particulate Matter'],2024-10-28,2024-10-28,Baltimore,Incident Closed-Managed,,2024-12-05
1089,1090,313449,['Fugitive Dust/Particulate Matter'],2024-10-25,2024-10-25,Baltimore,Incident Closed-Managed,,2024-12-05
1090,1091,313448,['Fugitive Dust/Particulate Matter'],2024-10-23,2024-10-23,Baltimore,Incident Closed-Managed,,2024-12-05
1091,1092,313447,['Fugitive Dust/Particulate Matter'],2024-10-23,2024-10-23,Baltimore,Incident Closed-Managed,,2024-12-05
1092,1093,313446,['Odor'],2024-10-23,2024-10-23,Baltimore City,Incident Closed-Managed,,2024-12-05
1093,1094,313445,"['Air', 'Other']",2024-12-04,2024-12-04,Montgomery,Incident Closed - No further action,,2024-12-05
1094,1095,313444,['Fugitive Dust/Particulate Matter'],2024-10-18,2024-10-18,Baltimore,Incident Closed-Managed,,2024-12-05
1095,1096,313443,['Odor'],2024-10-13,2024-10-13,Baltimore City,Incident Closed-Managed,,2024-12-05
1096,1097,313442,['Odor'],2024-10-04,2024-10-04,Baltimore,Incident Closed-Managed,,2024-12-05
1097,1098,313441,['Odor'],2024-10-03,2024-10-03,Baltimore City,Incident Closed-Managed,,2024-12-05
1098,1099,313440,['Odor'],2024-10-03,2024-10-03,Baltimore,Incident Closed-Managed,,2024-12-05
1099,1100,313438,['Smoke'],2024-10-03,2024-10-03,Baltimore,Incident Closed-Managed,21228,2024-12-05
1100,1101,313437,['Odor'],2024-10-02,2024-10-02,Baltimore City,Incident Closed-Managed,,2024-12-05
1101,1102,313424,['Air'],2024-12-04,2024-12-04,Anne Arundel,Incident Closed - No further action,21114,2024-12-09
1102,1103,313423,"['Air', 'Fugitive Dust/Particulate Matter']",2024-12-02,2024-12-02,Cecil,Incident Closed-Managed,21901,2024-12-04
1103,1104,313422,"['Air', 'Fugitive Dust/Particulate Matter']",2024-12-02,2024-12-02,Cecil,Incident Closed-Managed,21901,2024-12-04
1104,1105,313416,['Open Burning'],2024-11-27,2024-11-26,Wicomico,Incident Closed-Managed,21801,2024-11-27
1105,1106,313413,['Other'],2024-11-14,2024-11-14,Allegany,Incident Closed - No further action,21502,2024-11-22
1106,1107,313411,['Odor'],2024-11-08,2024-11-08,Allegany,Referred to Outside Agency,21501,
1107,1108,303409,['Air'],2024-11-21,2024-11-21,Baltimore,Incident Closed-No Violation Observed,,2024-11-21
1108,1109,303408,['Air'],2024-11-19,2024-11-19,Anne Arundel,Incident Closed-Managed,21113,2024-12-04
1109,1110,303399,['Air'],2024-11-19,2024-11-19,Anne Arundel,Incident Closed-Managed,21226,2024-12-12
1110,1111,303398,['Air'],2024-11-18,2024-11-18,Anne Arundel,Incident Closed-Managed,21226,2024-12-12
1111,1112,303395,"['Air', 'Fugitive Dust/Particulate Matter']",2024-11-13,2024-11-13,Montgomery,Incident Closed-Managed,20837,2024-11-19
1112,1113,303394,"['Air', 'Fugitive Dust/Particulate Matter', 'Odor']",2024-11-14,2024-11-04,Montgomery,Referred to Outside Agency,20850,
1113,1114,303394,"['Air', 'Fugitive Dust/Particulate Matter', 'Odor']",2024-11-14,2024-11-04,Montgomery,Referred to Outside Agency,20850,
1114,1115,303393,"['Air', 'Fugitive Dust/Particulate Matter']",2024-11-14,2024-11-06,Montgomery,Referred to Outside Agency,20850,
1115,1116,303393,"['Air', 'Fugitive Dust/Particulate Matter']",2024-11-14,2024-11-06,Montgomery,Referred to Outside Agency,20850,
1116,1117,303390,['Odor'],2024-11-19,2024-11-15,Cecil,Incident Closed - No further action,21921,2024-11-19
1117,1118,303389,['Smoke'],2024-11-15,2024-11-15,Cecil,Incident Closed-Managed,21921,2024-11-19
1118,1119,303384,['Other'],2024-11-13,2024-11-13,Prince George's,Incident Closed-Managed,,2024-11-15
1119,1120,303373,['Air'],2024-11-04,2024-11-04,Anne Arundel,Incident Closed - No further action,21146,2024-11-12
1120,1121,303372,['Air'],2024-11-04,2024-11-04,Anne Arundel,Incident Closed-Managed,21226,2024-11-13
1121,1122,303371,['Air'],2024-11-07,2024-11-07,Anne Arundel,Incident Closed-Managed,21226,2024-11-13
1122,1123,303370,['Air'],2024-11-08,2024-11-08,Anne Arundel,Incident Closed-Managed,21226,2024-11-14
1123,1124,303369,['Odor'],2024-11-11,2024-11-12,Baltimore City,Incident Closed-Managed,21226,2024-11-13
1124,1125,303366,"['Air', 'Other']",2024-10-29,2024-10-29,Montgomery,Incident Closed-Managed,20877,2024-11-08
1125,1126,303365,"['Air', 'Fugitive Dust/Particulate Matter']",2024-11-06,2024-11-06,Montgomery,Referred to Outside Agency,20874,
1126,1127,303364,"['Air', 'Fugitive Dust/Particulate Matter']",2024-11-08,2024-11-03,Montgomery,Referred to Outside Agency,20896,
1127,1128,303363,"['Air', 'Open Burning']",2024-11-01,2024-10-31,Carroll,Referred to Outside Agency,21784,
1128,1129,303362,"['Air', 'Other']",2024-10-30,2024-10-30,Statewide,Incident Closed-Managed,,2024-11-08
1129,1130,303361,"['Air', 'Other']",2024-10-30,2024-10-30,Anne Arundel,Referred to Outside Agency,21061,
1130,1131,303353,['Other'],2024-10-21,2024-10-21,Washington,Incident Closed-No Violation Observed,21742,2024-11-07
1131,1132,303337,['Air'],2024-10-31,2024-10-31,Anne Arundel,Incident Closed - No further action,,2024-11-13
1132,1133,303320,['Air'],2024-10-27,2024-10-27,Frederick,Incident Closed-Managed,21769,2024-10-29
1133,1134,303318,['Air'],2024-10-29,2024-10-29,Frederick,Incident Closed - No further action,21783,2024-12-12
1134,1135,303314,['Air'],2024-10-28,2024-10-28,Anne Arundel,Incident Closed - No further action,21037,2025-08-27
1135,1136,303302,['Other'],2024-10-22,2024-10-22,Prince George's,Incident Closed-Managed,,2024-11-22
1136,1137,303298,['Air'],2024-10-23,2024-10-23,Frederick,Incident Closed-Managed,21769,2024-10-23
1137,1138,303297,['Air'],2024-10-22,2024-10-22,Frederick,Incident Closed - No further action,21701,2024-10-24
1138,1139,303295,['Air'],2024-10-21,2024-10-21,Anne Arundel,Incident Closed-No Violation Observed,,2024-10-23
1139,1140,303293,['Air'],2024-10-21,2024-10-21,Frederick,Incident Closed-Managed,21769,2024-10-23
1140,1141,303292,['Air'],2024-10-21,2024-10-21,Anne Arundel,Incident Closed-No Violation Observed,21061,2024-10-23
1141,1142,303289,['Other'],2024-10-18,2024-10-18,Prince George's,Incident Closed-Managed,,2024-11-22
1142,1143,303288,['Fugitive Dust/Particulate Matter'],2024-10-17,2024-10-17,Talbot,Incident Closed-No Violation Observed,21601,2024-10-21
1143,1144,293289,['Air'],2024-10-16,2024-10-16,Frederick,Incident Closed-Managed,21769,2024-10-23
1144,1145,293288,['Other'],2024-10-16,2024-08-21,Worcester,Incident Closed-Managed,21811,2024-10-18
1145,1146,293283,['Air'],2024-10-15,2024-10-15,Baltimore,Incident Closed-Managed,21220,2024-10-18
1146,1147,293282,['Air'],2024-10-15,2024-10-15,Anne Arundel,Incident Closed-Managed,21144,2024-10-23
1147,1148,293276,['Air'],2024-10-11,2024-10-11,Anne Arundel,Incident Closed-No Violation Observed,21061,2024-10-15
1148,1149,293274,['Odor'],2024-10-15,2024-10-08,Howard,Incident Closed - No further action,,2024-10-15
1149,1150,293265,['Other'],2024-10-09,2024-10-09,Allegany,Incident Closed - No further action,21502,2025-01-24
1150,1151,293262,['Fugitive Dust/Particulate Matter'],2024-10-11,2024-10-10,Talbot,Incident Closed-Managed,21601,2024-10-10
1151,1152,293260,['Other'],2024-10-07,2024-10-07,Prince George's,Incident Closed-Managed,,2024-10-11
1152,1153,293252,['Air'],2024-10-07,2024-10-07,Anne Arundel,Incident Closed - No further action,21076,2024-10-07
1153,1154,293250,['Other'],2024-10-05,2024-10-05,Prince George's,Incident Closed-Managed,,2024-10-07
1154,1155,293249,['Other'],2024-10-03,2024-10-03,Prince George's,Incident Closed-Managed,,2024-10-07
1155,1156,293247,['Odor'],2024-09-26,2024-09-26,Dorchester,Incident Closed - No further action,21835,2024-09-26
1156,1157,293246,['Odor'],2024-09-13,2024-09-13,Dorchester,Incident Closed - No further action,21835,2024-09-13
1157,1158,293245,['Odor'],2024-08-22,2024-08-22,Dorchester,Incident Closed - No further action,21835,2024-08-22
1158,1159,293239,['Air'],2024-10-03,2024-10-03,Anne Arundel,Incident Closed-No Violation Observed,21701,2024-11-20
1159,1160,293238,['Air'],2024-10-03,2024-10-03,Anne Arundel,Incident Closed-Managed,21060,2024-10-08
1160,1161,293237,['Air'],2024-09-12,2024-09-12,Harford,Incident Closed-Managed,,2024-10-04
1161,1162,293231,['Odor'],2024-09-30,2024-09-30,Baltimore City,Incident Closed-Managed,,2024-10-02
1162,1163,293230,['ARA AQCP non-regulated entity'],2024-09-26,2024-09-26,Baltimore,Incident Closed-Managed,,2024-10-02
1163,1164,293229,['Fugitive Dust/Particulate Matter'],2024-09-24,2024-09-24,Baltimore City,Incident Closed-Managed,,2024-10-02
1164,1165,293228,['Fugitive Dust/Particulate Matter'],2024-09-23,2024-09-23,Baltimore,Incident Closed-Managed,,2024-10-02
1165,1166,293227,['Odor'],2024-09-23,2024-09-23,Baltimore City,Incident Closed-Managed,,2024-10-02
1166,1167,293226,['Odor'],2024-09-20,2024-09-20,Baltimore City,Incident Closed-Managed,,2024-10-04
1167,1168,293225,['Fugitive Dust/Particulate Matter'],2024-09-17,2024-09-17,Baltimore,Incident Closed-Managed,,2024-10-02
1168,1169,293224,['Fugitive Dust/Particulate Matter'],2024-09-16,2024-09-16,Baltimore,Incident Closed-Managed,,2024-10-02
1169,1170,293220,['Odor'],2024-09-15,2024-09-15,Baltimore City,Incident Closed-Managed,,2024-10-02
1170,1171,293219,['Odor'],2024-09-14,2024-09-14,Baltimore City,Incident Closed-Managed,,2024-10-02
1171,1172,293218,['Fugitive Dust/Particulate Matter'],2024-09-12,2024-09-12,Baltimore,Incident Closed-Managed,,2024-10-02
1172,1173,293217,['Other'],2024-09-12,2024-09-12,Baltimore,Incident Closed - No further action,,2024-10-02
1173,1174,293216,['Odor'],2024-09-10,2024-09-10,Baltimore City,Incident Closed-Managed,,2024-10-01
1174,1175,293215,['Other'],2024-09-09,2024-09-09,Baltimore,Incident Closed - No further action,,2024-10-01
1175,1176,293214,['ARA AQCP non-regulated entity'],2024-09-09,2024-09-09,Baltimore,Incident Closed - No further action,,2024-10-01
1176,1177,293213,['Odor'],2024-08-30,2024-08-30,Baltimore City,Incident Closed-Managed,,2024-10-01
1177,1178,293212,['Odor'],2024-08-29,2024-08-29,Baltimore City,Incident Closed-Managed,,2024-10-01
1178,1179,293210,['Odor'],2024-08-15,2024-08-15,Anne Arundel,Incident Closed-Managed,,2024-10-01
1179,1180,293209,['Odor'],2024-08-15,2024-08-15,Anne Arundel,Incident Closed-Managed,,2024-10-01
1180,1181,293208,['Odor'],2024-08-15,2024-08-15,Anne Arundel,Incident Closed-Managed,,2024-10-01
1181,1182,293207,['Odor'],2024-08-06,2024-08-06,Baltimore City,Incident Closed - No further action,,2024-10-01
1182,1183,293205,['Odor'],2024-07-26,2024-07-26,Baltimore City,Incident Closed-Managed,,2024-10-01
1183,1184,293204,['Odor'],2024-07-23,2024-07-23,Baltimore City,Incident Closed-Managed,,2024-10-01
1184,1185,293203,['Odor'],2024-07-22,2024-07-22,Baltimore City,Incident Closed-Managed,,2024-10-01
1185,1186,293182,['Air'],2024-09-19,2024-09-19,Anne Arundel,Incident Closed-No Violation Observed,,2024-09-19
1186,1187,293179,['Odor'],2024-09-20,2024-09-20,Caroline,Incident Not Applicable to MDE,21636,
1187,1188,293176,['Other'],2024-09-18,2024-09-18,Prince George's,Incident Closed-Managed,,2024-09-20
1188,1189,293175,['Fugitive Dust/Particulate Matter'],2024-09-12,2024-09-12,Baltimore,Incident Closed-Managed,,2024-09-20
1189,1190,293174,['Open Burning'],2024-09-13,2024-09-12,Allegany,Referred to Outside Agency,21545,
1190,1191,283166,['Other'],2024-09-13,2024-09-13,Prince George's,Incident Closed-Managed,,2024-09-18
1191,1192,283164,['Air'],2024-09-16,2024-09-16,Anne Arundel,Incident Closed-No Violation Observed,21037,2024-09-30
1192,1193,283162,['Fugitive Dust/Particulate Matter'],2024-09-06,2024-09-06,Washington,Incident Closed-Managed,21740,2024-11-07
1193,1194,283161,['Fugitive Dust/Particulate Matter'],2024-09-05,2024-08-29,Washington,Incident Closed-Managed,21740,2024-11-07
1194,1195,283159,['Fugitive Dust/Particulate Matter'],2024-09-05,2024-09-05,Washington,Incident Closed-Managed,21740,2024-11-07
1195,1196,283158,"['Asbestos Complaint', 'Lead Paint Poisoning Complaint']",2024-09-11,2024-09-04,Not Yet Determined,Incident Closed - No further action,,2024-09-17
1196,1197,283157,['Air'],2024-09-16,2024-09-16,Prince George's,Incident Closed-Managed,20740,2024-09-17
1197,1198,283156,['Fugitive Dust/Particulate Matter'],2024-09-17,2024-09-16,Caroline,Incident Closed-No Violation Observed,21632,2024-09-18
1198,1199,283151,['Air'],2024-09-12,,Harford,Incident Closed-Managed,,2024-09-17
1199,1200,283150,['Odor'],2024-09-12,2024-09-12,Baltimore City,Incident Closed-Managed,,2024-09-17
1200,1201,283149,"['Air', 'Asbestos Complaint', 'Fugitive Dust/Particulate Matter']",2024-09-03,2024-07-30,Montgomery,Incident Closed-Managed,20837,2024-11-19
1201,1202,283148,"['Air', 'Odor']",2024-09-05,2024-08-22,Montgomery,Referred to Outside Agency,20910,
1202,1203,283147,"['Air', 'Odor', 'Other']",2024-09-04,2024-09-04,Montgomery,Referred to Outside Agency,20906,
1203,1204,283141,['Air'],2024-09-16,2024-09-16,Baltimore City,Incident Closed-Managed,21226,2024-11-20
1204,1205,283136,['Other'],2024-09-11,2024-09-11,Howard,Incident Closed-Managed,,2024-09-13
1205,1206,283135,['Other'],2024-09-11,2024-09-11,Howard,Incident Closed-Managed,,2024-09-13
1206,1207,283134,['Other'],2024-09-11,2024-09-11,Howard,Incident Closed-Managed,,2024-09-13
1207,1208,283133,['Other'],2024-09-10,2024-09-10,Howard,Incident Closed-Managed,,2024-09-13
1208,1209,283132,['Other'],2024-09-06,2024-09-06,Prince George's,Incident Closed-Managed,20722,2024-09-13
1209,1210,283131,['Other'],2024-09-05,2024-09-05,Howard,Incident Closed-Managed,21075,2024-09-13
1210,1211,283130,['Odor'],2024-09-13,2024-09-11,Howard,Incident Closed - No further action,21044,2024-09-13
1211,1212,283129,['Odor'],2024-09-13,2024-09-11,Howard,Incident Closed - No further action,21044,2024-09-13
1212,1213,283127,['Air'],2024-09-11,2024-09-11,Anne Arundel,Incident Closed-No Violation Observed,21401,2024-09-12
1213,1214,283107,['Air'],2024-09-09,2024-09-09,Anne Arundel,Incident Closed - No further action,21037,2024-09-09
1214,1215,283094,['Odor'],2024-09-05,2024-09-02,Anne Arundel,Incident Closed-No Violation Observed,21122,2024-09-05
1215,1216,283092,['Air'],2024-09-05,2024-09-05,Anne Arundel,Incident Closed-No Violation Observed,21090,2024-09-12
1216,1217,283080,['Air'],2024-09-03,2024-09-03,Anne Arundel,Incident Closed-No Violation Observed,,2024-09-09
1217,1218,283079,['Air'],2024-09-03,2024-08-29,Frederick,Incident Closed - No further action,,2024-09-06
1218,1219,283078,['Air'],2024-09-03,2024-08-30,Anne Arundel,Incident Closed-No Violation Observed,,2024-09-11
1219,1220,283073,['Other'],2024-08-29,2024-08-29,Prince George's,Incident Closed-Managed,20781,2024-08-30
1220,1221,283072,['Other'],2024-08-15,2024-08-15,Prince George's,Incident Closed-Managed,20737,2024-09-20
1221,1222,283070,['Other'],2024-08-24,2024-08-24,Not Yet Determined,Incident Closed-Managed,,2024-08-30
1222,1223,283061,['Air'],2024-08-28,2024-08-28,Anne Arundel,Incident Closed-No Violation Observed,,2024-08-28
1223,1224,283060,['Air'],2024-08-28,2024-08-28,Anne Arundel,Incident Closed - No further action,21061,2024-08-28
1224,1225,283059,['Air'],2024-08-27,2024-08-27,Frederick,Incident Closed-No Violation Observed,,2024-09-03
1225,1226,283056,['Smoke'],2024-08-27,2024-08-27,Allegany,Referred to Outside Agency,26753,
1226,1227,283055,['Air'],2024-08-27,2024-08-27,Frederick,Incident Closed-Managed,21757,2024-08-28
1227,1228,283053,['Oil Release/Spill (Surface)'],2024-08-26,2024-08-26,Allegany,Referred to LMA,21502,
1228,1229,283052,['Odor'],2024-08-22,2024-08-22,Dorchester,Referred to ARA,21835,
1229,1230,283051,['Air'],2024-08-23,2024-08-23,Anne Arundel,Incident Closed - No further action,21144,2024-08-27
1230,1231,283050,['Air'],2024-08-23,2024-08-23,Anne Arundel,Incident Closed - No further action,,2024-08-28
1231,1232,283041,['Air'],2024-08-12,2024-08-12,Harford,Referred to Outside Agency,,
1232,1233,273030,['Air'],2024-08-21,2024-08-21,Frederick,Incident Closed-No Violation Observed,,2024-08-22
1233,1234,273007,['Air'],2024-08-12,2024-08-12,Montgomery,Referred to Outside Agency,20910-484,
1234,1235,272998,['Other'],2024-08-07,2024-08-07,Howard,Incident Closed-Managed,,2024-08-12
1235,1236,272992,"['Air', 'Open Burning', 'Smoke']",2024-08-06,2024-08-06,Cecil,Referred to LMA,21921,
1236,1237,272991,['Odor'],2024-08-02,2024-08-02,Baltimore,Incident Closed-Managed,,2024-08-09
1237,1238,272989,['Smoke'],2024-07-30,2024-07-31,Baltimore,Incident Closed-Managed,21228,2024-08-09
1238,1239,272987,['Air'],2024-08-08,2024-08-08,Frederick,Incident Closed-No Violation Observed,,2024-08-09
1239,1240,272986,['Odor'],2024-08-07,2024-08-05,Baltimore City,Incident Closed - No further action,21226,2024-08-05
1240,1241,272976,['Air'],2024-07-29,2024-07-29,Charles,Incident Closed-Managed,20695,2024-08-07
1241,1242,272972,['Odor'],2024-07-27,2024-07-27,Dorchester,Incident Closed - No further action,21835,2024-07-27
1242,1243,272971,['Odor'],2024-07-20,2024-07-20,Dorchester,Incident Closed - No further action,21835,2024-07-20
1243,1244,272970,['Odor'],2024-07-20,2024-07-20,Dorchester,Incident Closed - No further action,21835,2024-07-20
1244,1245,272969,['Other'],2024-08-02,2024-08-02,Howard,Incident Closed-Managed,,2024-08-05
1245,1246,272966,['Other'],2024-07-30,2024-07-30,Allegany,Incident Closed-Managed,21542,2024-10-18
1246,1247,272963,['Odor'],2024-08-01,2024-08-01,Allegany,Incident Closed-No Violation Observed,21502,2024-10-16
1247,1248,272962,['Oil Release/Spill'],2024-07-24,2024-07-24,Garrett,Incident Closed - No further action,,2024-08-05
1248,1249,272958,"['Air', 'Odor', 'Open Burning', 'Smoke']",2024-08-01,2024-08-01,Cecil,Referred to Outside Agency,21921,
1249,1250,272954,['Other'],2024-08-02,2024-08-02,Prince George's,Incident Closed-Managed,20748,2024-08-02
1250,1251,272943,"['Air', 'Odor']",2024-07-30,2024-07-30,Montgomery,Referred to Outside Agency,20910,
1251,1252,272937,"['Air', 'Other']",2024-07-26,2024-07-15,Carroll,Referred to WMA,21158,
1252,1253,272935,['Air'],2024-07-26,2024-07-11,Montgomery,Referred to Outside Agency,20850,
1253,1254,272935,['Air'],2024-07-26,2024-07-11,Montgomery,Referred to Outside Agency,20850,
1254,1255,272933,['Other'],2024-07-26,2024-07-24,Prince George's,Incident Closed-Managed,,2024-07-26
1255,1256,272916,['Open Burning'],2024-07-12,2024-07-12,Allegany,Referred to Outside Agency,21545,
1256,1257,272915,['Asbestos Complaint'],2024-07-11,2024-07-11,Allegany,Referred to ARA,21540-109,
1257,1258,272913,['Odor'],2024-07-11,2024-07-11,St. Mary's,Incident Closed-Managed,,2024-07-22
1258,1259,272901,"['Air', 'Fugitive Dust/Particulate Matter']",2024-07-10,2024-07-10,Cecil,Incident Closed-Managed,21918,2024-07-18
1259,1260,272897,['Air'],2024-07-16,2024-07-16,Anne Arundel,Incident Closed - No further action,21037,2024-07-24
1260,1261,272880,['Air'],2024-07-15,2024-06-19,Washington,Incident Closed - No further action,,2024-07-15
1261,1262,262877,['Air'],2024-07-11,2024-07-11,St. Mary's,Incident Closed-Managed,,2024-07-15
1262,1263,252880,"['Air', 'Other']",2024-07-09,2024-07-09,Montgomery,Referred to Outside Agency,20910-484,
1263,1264,252879,"['Air', 'Odor']",2024-07-09,2024-07-09,Carroll,Referred to Outside Agency,21158,
1264,1265,252877,['Air'],2024-07-09,2024-07-09,Anne Arundel,Incident Closed-No Violation Observed,20764,2024-07-10
1265,1266,252874,['Odor'],2024-07-09,2024-07-09,Baltimore City,Incident Closed-Managed,,2024-07-09
1266,1267,252873,['Odor'],2024-07-02,2024-07-02,Baltimore City,Incident Closed-Managed,,2024-07-09
1267,1268,252872,['Odor'],2024-06-28,2024-06-28,Baltimore City,Incident Closed-Managed,,2024-07-09
1268,1269,252871,['Air'],2024-06-25,2024-06-25,Baltimore,Incident Closed-Managed,,2024-07-09
1269,1270,252870,['Odor'],2024-06-18,2024-06-18,Baltimore,Incident Closed-Managed,,2024-07-09
1270,1271,252869,['Odor'],2024-06-16,2024-06-16,Baltimore City,Incident Closed-Managed,,2024-07-09
1271,1272,252868,['ARA AQCP non-regulated entity'],2024-06-14,2024-06-14,Baltimore,Incident Closed - No further action,,2024-07-09
1272,1273,252867,['Fugitive Dust/Particulate Matter'],2024-06-13,2024-06-13,Baltimore City,Incident Closed-Managed,,2024-07-09
1273,1274,252866,['Odor'],2024-06-05,2024-06-05,Baltimore City,Incident Closed-Managed,,2024-07-09
1274,1275,252864,['Fugitive Dust/Particulate Matter'],2024-07-08,2024-07-08,Allegany,Incident Closed-Managed,21540-109,2024-09-23
1275,1276,252862,['Abandoned Drums/Tanks'],2024-07-08,2024-07-08,Allegany,Referred to LMA,21501,
1276,1277,252861,['Air'],2024-07-02,2024-07-02,Anne Arundel,Incident Closed-No Violation Observed,21060,2024-07-03
1277,1278,252847,['Other'],2024-07-03,2024-07-03,Prince George's,Incident Closed-Managed,,2024-07-05
1278,1279,252846,['Other'],2024-07-02,2024-07-02,Prince George's,Incident Closed-Managed,20785,2024-07-05
1279,1280,252844,['Fugitive Dust/Particulate Matter'],2024-07-01,2024-06-29,Allegany,Incident Closed-Managed,21540-109,2024-09-23
1280,1281,252842,"['Noise Complaint', 'Other']",2024-06-27,2024-06-27,Washington,Referred to Outside Agency,21783,
1281,1282,252839,['Odor'],2024-06-04,2024-06-04,Baltimore City,Incident Closed-Managed,,2024-07-03
1282,1283,252838,['Odor'],2024-06-01,2024-06-01,Baltimore City,Incident Closed-Managed,,2024-07-03
1283,1284,252837,['Odor'],2024-05-26,2024-05-26,Baltimore City,Incident Closed-Managed,,2024-07-03
1284,1285,252836,['Fugitive Dust/Particulate Matter'],2024-05-23,2024-05-23,Baltimore,Incident Closed-Managed,,2024-07-03
1285,1286,252835,['Odor'],2024-05-22,2024-05-22,Baltimore,Incident Closed-Managed,,2024-07-03
1286,1287,252834,['Odor'],2024-05-17,2024-05-17,Baltimore City,Incident Closed-Managed,,2024-07-03
1287,1288,252833,['Odor'],2024-05-16,2024-05-16,Baltimore City,Incident Closed-Managed,,2024-07-03
1288,1289,252823,['Air'],2024-06-28,2024-06-28,Anne Arundel,Incident Closed-No Violation Observed,21060,2024-07-03
1289,1290,252815,['Air'],2024-06-26,2024-06-25,Frederick,Referred to Outside Agency,21788,
1290,1291,252814,['Air'],2024-06-19,2024-06-19,Anne Arundel,Incident Closed-No Violation Observed,,2024-06-26
1291,1292,252810,['Fugitive Dust/Particulate Matter'],2024-06-25,2024-06-24,Talbot,Incident Closed-Managed,,2024-06-28
1292,1293,252806,"['Groundwater Contamination', 'Oil Release/Spill (Surface)', 'Open Burning', 'Other']",2024-06-14,2024-06-14,Allegany,Referred to Outside Agency,21502,
1293,1294,252804,['Air'],2024-06-20,2024-06-20,Carroll,Incident Closed - No further action,21771,2024-06-21
1294,1295,252802,['Other'],2024-06-20,2024-06-20,Prince George's,Incident Closed-Managed,20737,2024-06-21
1295,1296,252801,['Other'],2024-06-18,2024-06-18,Prince George's,Incident Closed-Managed,20781,2024-08-12
1296,1297,252800,['Other'],2024-06-14,2024-06-14,Prince George's,Incident Closed-Managed,,2024-06-21
1297,1298,252799,['Air'],2024-06-20,,Harford,Incident Closed-No Violation Observed,,2024-06-25
1298,1299,252793,['Fugitive Dust/Particulate Matter'],2024-06-18,,Harford,Incident Closed-Managed,,2024-06-25
1299,1300,252786,['Odor'],2024-06-17,2024-06-12,Prince George's,Incident Closed-Managed,,2024-10-21
1300,1301,252772,['Noise Complaint'],2024-05-16,2024-05-16,Washington,Referred to Outside Agency,21783,
1301,1302,252770,['Air'],2024-06-10,2024-06-10,Anne Arundel,Incident Closed-No Violation Observed,21060,2024-06-13
1302,1303,252769,['Air'],2024-06-10,2024-06-10,Anne Arundel,Incident Closed-No Violation Observed,21060,2024-06-13
1303,1304,252768,['Air'],2024-06-10,2024-06-10,Anne Arundel,Incident Closed-No Violation Observed,21060,2024-06-13
1304,1305,252767,['Air'],2024-06-10,2024-06-10,Anne Arundel,Incident Closed-No Violation Observed,21060,2024-06-13
1305,1306,252761,['Other'],2024-06-12,2024-06-12,Prince George's,Incident Closed-Managed,,2024-06-12
1306,1307,252760,['Other'],2024-06-11,2024-06-11,Howard,Incident Closed-Managed,,2024-06-11
1307,1308,252759,['Air'],2024-06-11,2024-06-11,Frederick,Referred to Attorney General's Office,21757,
1308,1309,252758,"['Odor', 'Smoke']",2024-06-12,2024-05-26,Worcester,Referred to Outside Agency,21863,
1309,1310,252757,"['Odor', 'Open Burning', 'Smoke']",2024-06-12,2024-05-29,Worcester,Referred to Outside Agency,21863,
1310,1311,252756,"['Odor', 'Smoke']",2024-06-12,2024-05-28,Worcester,Referred to Outside Agency,21863,
1311,1312,252752,['Air'],2024-06-11,2024-06-10,Frederick,Referred to Attorney General's Office,21757,
1312,1313,252720,['Fugitive Dust/Particulate Matter'],2024-06-04,2024-06-04,Kent,Incident Closed-No Violation Observed,21620,2024-06-05
1313,1314,252718,"['Odor', 'Smoke']",2024-06-03,2024-05-20,Worcester,Incident Closed-Managed,21863,2024-06-14
1314,1315,252717,"['Fugitive Dust/Particulate Matter', 'Odor']",2024-06-03,2024-05-16,Worcester,Incident Closed - No further action,21863,2024-09-09
1315,1316,252716,['Fumes'],2024-06-03,2024-05-21,Worcester,Incident Closed-Managed,21863,2024-06-14
1316,1317,252712,['Air'],2024-05-31,2024-05-31,Frederick,Incident Closed-No Violation Observed,21788,2024-06-11
1317,1318,252711,['Air'],2024-05-23,2024-05-23,Frederick,Referred to Attorney General's Office,21757,
1318,1319,252711,['Air'],2024-05-23,2024-05-23,Frederick,Referred to Attorney General's Office,21757,
1319,1320,252710,['Air'],2024-05-22,2024-05-22,Frederick,Referred to Attorney General's Office,21757,
1320,1321,252710,['Air'],2024-05-22,2024-05-22,Frederick,Referred to Attorney General's Office,21757,
1321,1322,252697,['Other'],2024-05-28,2024-05-29,Prince George's,Incident Closed-Managed,,2024-05-29
1322,1323,252696,['Odor'],2024-05-28,2024-05-26,Worcester,Referred to Outside Agency,21863,
1323,1324,252695,['Odor'],2024-05-20,2024-05-20,Dorchester,Incident Closed - No further action,21835,2024-05-20
1324,1325,252691,"['Air', 'Odor']",2024-05-21,2024-05-21,Carroll,Referred to Outside Agency,21784,
1325,1326,242688,['Odor'],2024-05-20,2024-05-17,Worcester,Incident Closed-No Violation Observed,21811,2024-05-21
1326,1327,242682,['Other'],2024-05-20,2024-05-20,Prince George's,Incident Closed-Managed,,2024-05-22
1327,1328,242681,['Other'],2024-05-15,2024-05-15,Prince George's,Incident Closed-Managed,,2024-05-22
1328,1329,242675,['Odor'],2024-04-23,2024-04-22,Prince George's,Incident Closed-Managed,20743,2024-10-21
1329,1330,242674,['Smoke'],2024-05-21,2024-04-19,Prince George's,Incident Closed-Managed,20743,2024-10-21
1330,1331,242664,['Other'],2024-05-14,2024-05-14,Prince George's,Incident Closed-Managed,,2024-05-17
1331,1332,242663,['Odor'],2024-05-16,2024-05-16,Worcester,Referred to Outside Agency,21863,
1332,1333,242661,['Air'],2024-05-15,2024-05-15,Anne Arundel,Incident Closed - No further action,20724,2024-05-16
1333,1334,242656,['Odor'],2024-05-10,2024-05-10,Baltimore City,Incident Closed-Managed,,2024-05-14
1334,1335,242655,['Odor'],2024-05-06,2024-05-06,Baltimore City,Incident Closed-Managed,,2024-05-14
1335,1336,242654,['Fugitive Dust/Particulate Matter'],2024-05-01,2024-05-01,Baltimore City,Incident Closed-Managed,,2024-05-14
1336,1337,242653,['Fugitive Dust/Particulate Matter'],2024-04-30,2024-04-30,Baltimore City,Incident Closed-Managed,,2024-05-14
1337,1338,242652,['Odor'],2024-04-26,2024-04-26,Baltimore City,Incident Closed-Managed,,2024-05-14
1338,1339,242651,['Odor'],2024-04-24,2024-04-24,Baltimore City,Incident Closed-Managed,,2024-05-14
1339,1340,242650,['Fugitive Dust/Particulate Matter'],2024-04-22,2024-04-22,Baltimore City,Incident Closed-Managed,,2024-05-14
1340,1341,242648,['Odor'],2024-04-09,2024-04-09,Baltimore City,Incident Closed-Managed,,2024-05-14
1341,1342,242647,['Odor'],2024-04-14,2024-04-14,Baltimore City,Incident Closed-Managed,,2024-05-14
1342,1343,242640,"['Air', 'Odor']",2024-05-07,2024-05-07,Talbot,Incident Closed-Managed,21673,2024-05-08
1343,1344,242639,['Asbestos Complaint'],2024-05-10,2024-05-10,Allegany,Referred to ARA,21502,
1344,1345,242638,['Water Pollutant Release'],2024-05-08,2024-05-08,Washington,Referred to WMA,,
1345,1346,242635,['Fugitive Dust/Particulate Matter'],2024-04-11,2024-04-11,Baltimore City,Incident Closed-Managed,,2024-05-10
1346,1347,242634,['Odor'],2024-04-11,2024-04-11,Baltimore City,Incident Closed-Managed,,2024-05-10
1347,1348,242633,['Fugitive Dust/Particulate Matter'],2024-05-07,2024-05-07,Talbot,Incident Closed-No Violation Observed,21673,2024-05-08
1348,1349,242633,['Fugitive Dust/Particulate Matter'],2024-05-07,2024-05-07,Talbot,Incident Closed-No Violation Observed,,2024-05-08
1349,1350,242629,['Air'],2024-05-07,2024-05-07,Anne Arundel,Incident Closed-No Violation Observed,,2024-05-10
1350,1351,242626,['Odor'],2024-05-07,2024-05-07,Montgomery,Referred to WMA,20874,
1351,1352,242622,['Odor'],2024-04-10,2024-04-10,Baltimore City,Incident Closed-Managed,,2024-05-08
1352,1353,242621,['Odor'],2024-04-08,2024-04-08,Baltimore City,Incident Closed-Managed,,2024-05-08
1353,1354,242620,['Smoke'],2024-04-04,2024-04-04,Baltimore City,Incident Closed-Managed,,2024-05-08
1354,1355,242602,"['Air', 'Odor', 'Open Burning']",2024-05-01,2024-05-01,Cecil,Referred to Outside Agency,21901,
1355,1356,242600,"['Air', 'Odor']",2024-05-03,2024-05-03,Cecil,Referred to LMA,21911,
1356,1357,242595,['Possible Permit Violation'],2024-04-23,2024-04-23,Washington,Incident Closed - No further action,21783,2024-07-03
1357,1358,242585,['Smoke'],2024-04-23,2024-04-23,Allegany,Incident Closed-No Violation Observed,21540-109,2024-09-23
1358,1359,242580,['Other'],2024-05-01,2024-05-01,Prince George's,Incident Closed-Managed,,2024-07-03
1359,1360,242579,['Other'],2024-04-29,,Prince George's,Incident Closed-Managed,,2024-04-29
1360,1361,242578,['Other'],2024-04-25,2024-05-25,Howard,Incident Closed-Managed,,2024-05-03
1361,1362,242556,['Air'],2024-04-26,2024-04-26,Anne Arundel,Incident Closed-No Violation Observed,21122,2024-04-30
1362,1363,242555,['Air'],2024-04-29,2024-04-29,Charles,Incident Closed - No further action,20695,2024-04-29
1363,1364,242550,['Air'],2024-04-26,2024-04-26,Anne Arundel,Incident Closed-No Violation Observed,21037,2024-04-26
1364,1365,242549,['Air'],2024-04-24,2024-04-24,Anne Arundel,Incident Closed-No Violation Observed,21122,2024-04-26
1365,1366,242546,['Air'],2024-04-24,2024-04-24,Anne Arundel,Incident Closed-No Violation Observed,21060,2024-05-09
1366,1367,242545,['Odor'],2024-04-24,2024-04-23,Worcester,Incident Closed-No Violation Observed,21811,2024-04-24
1367,1368,242544,['Air'],2024-04-23,2024-04-23,Frederick,Incident Closed-No Violation Observed,21788,2024-04-25
1368,1369,242543,['Air'],2024-04-19,2024-04-19,Frederick,Incident Closed-No Violation Observed,21788,2024-04-24
1369,1370,242542,['Odor'],2024-04-23,2024-04-23,Dorchester,Incident Closed - No further action,21835,2024-04-23
1370,1371,242533,['Air'],2024-04-19,2024-04-19,Anne Arundel,Incident Closed-No Violation Observed,21060,2024-05-09
1371,1372,242532,['Other'],2024-04-16,2024-04-16,Prince George's,Incident Closed-Managed,,2024-11-22
1372,1373,242530,['Other'],2024-04-16,2024-04-16,Prince George's,Incident Closed-Managed,,2024-04-19
1373,1374,242524,"['Air', 'Open Burning', 'Smoke']",2024-04-15,2024-04-15,Cecil,Referred to LMA,21921,
1374,1375,242508,['Air'],2024-04-13,2024-04-13,Anne Arundel,Incident Closed-Managed,21403,2024-04-16
1375,1376,242507,['Air'],2024-04-15,2024-04-15,Frederick,Referred to Attorney General's Office,21757,
1376,1377,242507,['Air'],2024-04-15,2024-04-15,Frederick,Referred to Attorney General's Office,21757,
1377,1378,242506,['Air'],2024-04-15,2024-04-15,Frederick,Referred to Attorney General's Office,21757,
1378,1379,242506,['Air'],2024-04-15,2024-04-15,Frederick,Referred to Attorney General's Office,21757,
1379,1380,242504,['Other'],2024-04-12,2024-04-11,Prince George's,Incident Closed-Managed,,2024-04-15
1380,1381,242503,['Other'],2024-04-11,2024-04-11,Prince George's,Incident Closed-Managed,,2024-04-15
1381,1382,242502,['Other'],2024-04-11,2024-04-11,Prince George's,Incident Closed-Managed,,2024-04-15
1382,1383,242500,['Other'],2024-04-11,2024-04-11,Prince George's,Incident Closed-Managed,,2024-04-15
1383,1384,242499,['Other'],2024-04-11,2024-04-11,Prince George's,Incident Closed-Managed,,2024-04-15
1384,1385,242498,['Other'],2024-04-08,2024-04-08,Prince George's,Incident Closed-Managed,,2024-04-15
1385,1386,242497,['Other'],2024-04-08,2024-04-08,Prince George's,Incident Closed-Managed,20743,2024-04-12
1386,1387,242496,['Other'],2024-04-08,2024-04-08,Prince George's,Incident Closed-Managed,20743,2024-04-12
1387,1388,242495,['Other'],2024-04-08,2024-04-08,Prince George's,Incident Closed-Managed,20743,2024-04-12
1388,1389,242494,['Other'],2024-04-08,2024-04-08,Prince George's,Incident Closed-Managed,20743,2024-04-12
1389,1390,242493,['Other'],2024-04-08,2024-04-08,Prince George's,Incident Closed-Managed,20743,2024-04-12
1390,1391,242492,['Other'],2024-04-08,2024-04-08,Prince George's,Incident Closed-Managed,20743,2024-04-12
1391,1392,242491,['Other'],2024-04-08,2024-04-08,Prince George's,Incident Closed-Managed,20743,2024-04-12
1392,1393,242490,['Other'],2024-04-08,2024-04-08,Prince George's,Incident Closed-Managed,20743,2024-04-12
1393,1394,242489,['Other'],2024-04-08,2024-04-08,Prince George's,Incident Closed-Managed,20743,2024-04-12
1394,1395,242488,['Other'],2024-04-08,2024-04-08,Prince George's,Incident Closed-Managed,20743,2024-04-12
1395,1396,242487,['Other'],2024-04-08,2024-04-08,Prince George's,Incident Closed-Managed,20743,2024-04-12
1396,1397,242486,['Other'],2024-04-08,2024-04-08,Prince George's,Incident Closed-Managed,20743,2024-04-12
1397,1398,242484,['Fugitive Dust/Particulate Matter'],2024-04-11,2024-04-11,Worcester,Incident Closed-Managed,21851,2024-04-18
1398,1399,242483,['Air'],2024-04-11,2024-04-11,Frederick,Referred to Attorney General's Office,21757,
1399,1400,242482,['Air'],2024-04-10,2024-04-10,Charles,Referred to Outside Agency,20622,
1400,1401,242479,['Air'],2024-03-28,2024-03-28,Baltimore,Incident Closed-Managed,21227,2024-04-11
1401,1402,242478,['Air'],2024-04-10,2024-04-10,Baltimore,Incident Closed-Managed,21227,2024-04-11
1402,1403,242477,['Air'],2024-04-03,2024-04-03,Baltimore,Incident Closed-Managed,21227,2024-04-30
1403,1404,242476,['Odor'],2024-04-08,2024-04-09,Harford,Incident Closed-Managed,21040,2024-04-30
1404,1405,242463,['Air'],2024-03-30,2024-03-30,Anne Arundel,Incident Closed - No further action,21146,2024-04-08
1405,1406,242461,['Air'],2024-04-03,2024-04-03,Anne Arundel,Incident Closed-Managed,20711,2024-10-23
1406,1407,242460,['Air'],2024-04-01,2024-04-01,Anne Arundel,Incident Closed-No Violation Observed,,2024-04-10
1407,1408,242459,['Air'],2024-04-08,2024-04-01,Frederick,Referred to Attorney General's Office,21757,
1408,1409,242458,['Air'],2024-04-04,2024-04-04,Anne Arundel,Incident Closed-No Violation Observed,21060,2024-04-10
1409,1410,242456,['Suspected Operation without Permit'],2024-03-28,2024-03-28,Washington,Referred to Outside Agency,21783,
1410,1411,242455,['Open Burning'],2024-03-26,2024-03-26,Allegany,Referred to Outside Agency,21502,
1411,1412,242454,['Open Burning'],2024-03-25,2024-03-25,Garrett,Referred to Outside Agency,,
1412,1413,242436,['Odor'],2024-04-01,2024-04-01,Baltimore,Incident Closed-Managed,,2024-04-03
1413,1414,242435,['Odor'],2024-03-30,2024-03-30,Baltimore,Incident Closed-Managed,,2024-04-03
1414,1415,242434,['Fugitive Dust/Particulate Matter'],2024-03-28,2024-03-28,Baltimore,Incident Closed-Managed,,2024-04-03
1415,1416,242433,['Odor'],2024-03-27,2024-03-27,Baltimore City,Incident Closed-Managed,,2024-04-03
1416,1417,242432,['Odor'],2024-03-25,2024-03-25,Baltimore City,Incident Closed-Managed,,2024-04-03
1417,1418,242428,['Other'],2024-03-30,2024-03-30,Prince George's,Incident Closed-Managed,,2024-04-03
1418,1419,242424,"['Air', 'Fugitive Dust/Particulate Matter']",2024-03-29,2024-03-29,Montgomery,Referred to Outside Agency,20817,
1419,1420,242405,['Other'],2024-03-25,2024-03-25,Prince George's,Incident Closed-Managed,,2024-03-27
1420,1421,242404,['Other'],2024-03-25,2024-03-25,Prince George's,Incident Closed-Managed,,2024-03-27
1421,1422,242392,['Air'],2024-03-21,2024-03-21,Frederick,Under Investigation,21703,
1422,1423,242390,['Smoke'],2024-03-18,2024-03-18,Baltimore City,Incident Closed-Managed,,2024-03-22
1423,1424,242389,['Fugitive Dust/Particulate Matter'],2024-02-23,2024-02-23,Baltimore,Incident Closed-Managed,,2024-03-22
1424,1425,242388,['Odor'],2024-02-23,2024-02-23,Baltimore City,Incident Closed-Managed,,2024-03-22
1425,1426,242386,['Odor'],2024-03-14,2024-03-14,Baltimore City,Incident Closed-Managed,,2024-03-22
1426,1427,242385,['Odor'],2024-03-04,2024-03-04,Baltimore City,Incident Closed-Managed,,2024-03-22
1427,1428,242384,['Odor'],2024-03-09,2024-03-09,Baltimore City,Incident Closed-Managed,,2024-03-22
1428,1429,242383,['Odor'],2024-03-08,2024-03-08,Baltimore City,Incident Closed-Managed,,2024-03-22
1429,1430,242382,['Odor'],2024-03-05,2024-03-05,Baltimore City,Incident Closed-Managed,,2024-03-22
1430,1431,242381,['Odor'],2024-03-04,2024-03-04,Baltimore City,Incident Closed-Managed,,2024-03-22
1431,1432,242380,['Odor'],2024-03-01,2024-03-01,Baltimore City,Incident Closed-Managed,,2024-03-22
1432,1433,242379,['Odor'],2024-02-29,2024-02-29,Baltimore City,Incident Closed-Managed,,2024-03-22
1433,1434,242378,['Fugitive Dust/Particulate Matter'],2024-02-28,2024-02-28,Baltimore City,Incident Closed-Managed,,2024-03-22
1434,1435,232384,['Odor'],2024-02-28,2024-02-28,Baltimore City,Incident Closed-Managed,,2024-03-21
1435,1436,232383,['Fugitive Dust/Particulate Matter'],2024-02-28,2024-02-28,Baltimore City,Incident Closed-Managed,,2024-03-21
1436,1437,232382,['Odor'],2024-02-22,2024-02-22,Baltimore City,Incident Closed-Managed,,2024-03-21
1437,1438,232374,['Air'],2024-03-21,2024-03-21,Charles,Under Investigation,20637,
1438,1439,232372,['Odor'],2024-02-16,2024-02-16,Baltimore City,Incident Closed-Managed,,2024-03-20
1439,1440,232371,['Odor'],2024-02-12,2024-02-12,Baltimore City,Incident Closed-Managed,,2024-03-20
1440,1441,232369,['Air'],2024-03-19,2024-03-19,Anne Arundel,Incident Closed-No Violation Observed,21401,2024-03-20
1441,1442,232365,"['Air', 'Open Burning', 'Smoke']",2024-03-19,2024-03-19,Carroll,Referred to Outside Agency,21776,
1442,1443,232364,"['Air', 'Fumes', 'Odor', 'Smoke']",2024-03-14,2024-03-14,Cecil,Referred to Outside Agency,,
1443,1444,232363,"['Air', 'Smoke', 'Vapor Release']",2024-03-19,2024-03-14,Montgomery,Incident Closed-Managed,20850,2026-08-31
1444,1445,232361,['Air'],2024-03-17,2024-03-17,Anne Arundel,Incident Closed-Managed,,2024-10-21
1445,1446,232360,['Air'],2024-03-17,2024-03-17,Anne Arundel,Under Investigation,,
1446,1447,232359,"['Air', 'Fumes', 'Smoke']",2024-03-14,2024-03-14,Montgomery,Incident Closed-Managed,20850,2026-08-31
1447,1448,232358,"['Air', 'Fumes', 'Smoke']",2024-03-14,2024-03-14,Montgomery,Incident Closed-Managed,20850,2026-08-31
1448,1449,232354,['Other'],2024-03-16,2024-03-16,Prince George's,Incident Closed-Managed,,2024-03-18
1449,1450,232353,['Other'],2024-03-16,2024-03-16,Prince George's,Incident Closed-Managed,,2024-03-18
1450,1451,232351,['Other'],2024-03-13,2024-03-13,Prince George's,Incident Closed-Managed,,2024-11-22
1451,1452,232342,['Air'],2024-03-14,2024-03-14,Frederick,Referred to Attorney General's Office,21757,
1452,1453,232341,"['Air', 'Fumes', 'Odor']",2024-03-13,2024-03-13,Cecil,Referred to Outside Agency,21911,
1453,1454,232340,"['Air', 'Open Burning', 'Smoke']",2024-03-13,2024-03-13,Cecil,Referred to Outside Agency,21921,
1454,1455,232338,['Air'],2024-03-13,2024-03-13,Frederick,Referred to Attorney General's Office,21757,
1455,1456,232338,['Air'],2024-03-13,2024-03-13,Frederick,Referred to Attorney General's Office,21757,
1456,1457,232331,"['Air', 'Other']",2024-03-12,2024-03-12,Montgomery,Incident Closed-Managed,20879,2024-03-13
1457,1458,232330,"['Air', 'Air Pollutant Release']",2024-03-13,2024-03-13,Carroll,Incident Closed-Managed,,2024-03-13
1458,1459,232326,['Smoke'],2024-03-06,2023-12-10,Allegany,Incident Closed-No Violation Observed,21502,2024-10-18
1459,1460,232325,['Air'],2024-03-12,2024-03-12,Frederick,Referred to Attorney General's Office,21757,
1460,1461,232325,['Air'],2024-03-12,2024-03-12,Frederick,Referred to Attorney General's Office,21757,
1461,1462,232324,['Air'],2024-03-11,2024-03-11,Frederick,Referred to Attorney General's Office,21757,
1462,1463,232324,['Air'],2024-03-11,2024-03-11,Frederick,Referred to Attorney General's Office,21757,
1463,1464,232323,['Air'],2024-03-11,2024-03-11,Anne Arundel,Incident Closed-Managed,21060,2024-03-22
1464,1465,232322,['Air'],2024-03-11,2024-03-11,Anne Arundel,Incident Closed-Managed,21060,2024-03-22
1465,1466,232321,['Air'],2024-03-11,2024-03-11,Anne Arundel,Incident Closed-Managed,21060,2024-03-22
1466,1467,232320,['Air'],2024-03-08,2024-03-08,Anne Arundel,Incident Closed-Managed,21060,2024-03-22
1467,1468,232319,['Air'],2024-03-08,2024-03-08,Anne Arundel,Incident Closed-Managed,21226,2024-03-22
1468,1469,232316,['Air'],2024-03-08,2024-03-08,Anne Arundel,Incident Closed-Managed,21060,2024-03-22
1469,1470,232315,['Air'],2024-03-08,2024-03-08,Anne Arundel,Incident Closed-No Violation Observed,21226,2024-03-22
1470,1471,232314,['Air'],2024-03-07,2024-03-07,Anne Arundel,Incident Closed-Managed,21060,2024-03-22
1471,1472,232313,['Air'],2024-03-07,2024-03-07,Anne Arundel,Incident Closed-Managed,21060,2024-03-22
1472,1473,232312,['Air'],2024-03-07,2024-03-07,Anne Arundel,Incident Closed-Managed,21060,2024-03-22
1473,1474,232311,['Air'],2024-03-07,2024-03-07,Anne Arundel,Incident Closed-Managed,21060,2024-03-22
1474,1475,232309,['Air'],2024-03-07,2024-03-07,Anne Arundel,Incident Closed-Managed,21060,2024-03-22
1475,1476,232308,['Air'],2024-03-07,2024-03-07,Anne Arundel,Incident Closed-Managed,21060,2024-03-22
1476,1477,232307,['Air'],2024-03-07,2024-03-07,Anne Arundel,Incident Closed-Managed,21060,2024-03-22
1477,1478,232306,['Air'],2024-03-07,2024-03-07,Anne Arundel,Incident Closed-Managed,21060,2024-03-22
1478,1479,232305,['Air'],2024-03-07,2024-03-07,Anne Arundel,Incident Closed-Managed,21060,2024-03-22
1479,1480,232304,['Air'],2024-03-07,2024-03-07,Anne Arundel,Incident Closed-Managed,21060,2024-03-22
1480,1481,232303,['Air'],2024-03-07,2024-03-07,Anne Arundel,Incident Closed-Managed,21060,2024-03-22
1481,1482,232302,['Air'],2024-03-07,2024-03-07,Anne Arundel,Incident Closed-Managed,21060,2024-03-22
1482,1483,232301,['Air'],2024-03-07,2024-03-07,Anne Arundel,Incident Closed-Managed,21060,2024-03-22
1483,1484,232300,['Air'],2024-03-07,2024-03-07,Anne Arundel,Incident Closed-Managed,21226,2024-03-22
1484,1485,232299,['Air'],2024-03-07,2024-03-07,Anne Arundel,Incident Closed-Managed,21060,2024-03-22
1485,1486,232298,['Air'],2024-03-07,2024-03-07,Anne Arundel,Incident Closed-Managed,21060,2024-03-22
1486,1487,232296,['Air'],2024-03-07,2024-03-07,Anne Arundel,Incident Closed-Managed,21060,2024-03-22
1487,1488,232295,['Air'],2024-03-07,2024-03-07,Anne Arundel,Incident Closed-Managed,21060,2024-03-22
1488,1489,232291,['Air'],2024-03-07,2024-03-07,Anne Arundel,Incident Closed-Managed,21226,2024-03-22
1489,1490,232290,['Air'],2024-03-07,2024-03-07,Anne Arundel,Incident Closed-Managed,21226,2024-03-22
1490,1491,232289,['Air'],2024-03-07,2024-03-07,Anne Arundel,Incident Closed-Managed,21226,2024-03-22
1491,1492,232288,['Air'],2024-03-07,2024-03-07,Anne Arundel,Incident Closed-Managed,21060,2024-03-22
1492,1493,232287,['Air'],2024-03-07,2024-03-07,Anne Arundel,Incident Closed-Managed,21060,2024-03-22
1493,1494,232286,['Air'],2024-03-06,2024-03-06,Anne Arundel,Incident Closed-Managed,,2024-03-22
1494,1495,232285,['Air'],2024-03-06,2024-03-06,Anne Arundel,Incident Closed-Managed,,2024-03-22
1495,1496,232284,['Air'],2024-03-06,2024-03-06,Anne Arundel,Incident Closed-Managed,,2024-03-22
1496,1497,232281,['Air'],2024-03-08,2024-03-08,Anne Arundel,Incident Closed-No Violation Observed,21122,2024-05-31
1497,1498,232280,['Air'],2024-03-08,2024-03-08,Frederick,Incident Closed-No Violation Observed,21701,2024-05-31
1498,1499,232279,['Air'],2024-03-07,2024-03-07,Anne Arundel,Incident Closed-No Violation Observed,21061,2024-05-31
1499,1500,232278,['Air'],2024-03-07,2024-03-07,Anne Arundel,Incident Closed-No Violation Observed,,2024-05-31
1500,1501,232273,['Open Burning'],2024-03-11,2024-03-08,Caroline,Incident Closed-No Violation Observed,21629,2024-03-13
1501,1502,232264,['Other'],2024-03-06,2024-03-06,Prince George's,Incident Closed-Managed,,2024-03-08
1502,1503,232263,['Other'],2024-03-06,2024-03-06,Prince George's,Incident Closed-Managed,,2024-03-08
1503,1504,232262,['Other'],2024-03-06,2024-03-06,Prince George's,Incident Closed-Managed,,2024-03-08
1504,1505,232261,['Other'],2024-03-06,2024-03-06,Prince George's,Incident Closed-Managed,,2024-03-08
1505,1506,232260,['Other'],2024-03-06,2024-03-06,Prince George's,Incident Closed-Managed,,2024-03-08
1506,1507,232259,['Other'],2024-03-06,2024-03-06,Prince George's,Incident Closed-Managed,,2024-03-08
1507,1508,232258,['Other'],2024-03-06,2024-03-06,Prince George's,Incident Closed-Managed,,2024-03-08
1508,1509,232257,['Other'],2024-03-06,2024-03-06,Prince George's,Incident Closed-Managed,,2024-03-08
1509,1510,232253,['Air'],2024-03-07,2024-03-07,Anne Arundel,Incident Closed-Managed,21226,2024-05-31
1510,1511,232252,['Air'],2024-03-06,2024-03-06,Anne Arundel,Incident Closed - No further action,21061,2024-05-30
1511,1512,232250,['Air'],2024-03-06,2024-03-06,Anne Arundel,Incident Closed-No Violation Observed,21061,2024-05-30
1512,1513,232240,['Open Burning'],2024-03-04,2024-03-03,Wicomico,Incident Closed-No Violation Observed,21804,2024-03-06
1513,1514,232216,['Odor'],2024-03-01,2024-03-01,Dorchester,Incident Closed - No further action,21835,2024-03-01
1514,1515,232215,['Odor'],2024-03-01,2024-03-01,Dorchester,Incident Closed - No further action,21835,2024-03-01
1515,1516,232214,['Odor'],2024-02-26,2024-02-26,Dorchester,Incident Closed - No further action,21835,2024-02-26
1516,1517,232205,"['Air', 'Smoke']",2024-02-29,2024-02-29,Carroll,Referred to Outside Agency,,
1517,1518,232204,['Other'],2024-02-28,2024-02-28,Prince George's,Incident Closed-Managed,,2024-03-01
1518,1519,232203,['Air'],2024-03-01,2024-03-01,Anne Arundel,Incident Closed-No Violation Observed,21090,2024-03-08
1519,1520,232193,['Other'],2024-02-27,2024-02-27,Prince George's,Incident Closed-Managed,20735,2024-04-01
1520,1521,232191,['Air'],2024-02-28,2024-02-28,Frederick,Referred to Attorney General's Office,21757,
1521,1522,232191,['Air'],2024-02-28,2024-02-28,Frederick,Referred to Attorney General's Office,21757,
1522,1523,232190,['Air'],2024-02-28,2024-02-28,Charles,Clean-up In Progress,,
1523,1524,232188,['Smoke'],2024-02-27,2024-02-26,,Referred to Attorney General's Office,21226,
1524,1525,232187,['Air'],2024-02-27,2024-02-27,Anne Arundel,Incident Closed-No Violation Observed,21403,2024-02-28
1525,1526,232186,['Odor'],2024-02-26,2024-02-26,Anne Arundel,Incident Closed - No further action,21226,2024-02-26
1526,1527,232176,['Air'],2024-02-26,2024-02-26,Anne Arundel,Incident Closed-Managed,21060,2024-03-08
1527,1528,232175,['Air'],2024-02-23,2024-02-23,Anne Arundel,Incident Closed-No Violation Observed,,2024-02-27
1528,1529,232169,['Air'],2024-02-22,2024-02-22,Anne Arundel,Incident Closed-No Violation Observed,21122,2024-02-23
1529,1530,222175,"['Air', 'Other']",2024-02-20,2024-02-20,Montgomery,Referred to Outside Agency,20788,
1530,1531,222174,['Smoke'],2024-02-22,2024-02-21,,Referred to Attorney General's Office,21226,
1531,1532,222158,['Fugitive Dust/Particulate Matter'],2024-02-20,2024-02-20,Worcester,Referred to Outside Agency,21842,
1532,1533,222156,['Air'],2024-02-15,2024-02-15,Baltimore,Incident Closed-No Violation Observed,21223,2024-02-16
1533,1534,222155,['Air'],2024-02-14,2024-02-14,Frederick,Referred to Attorney General's Office,21757,
1534,1535,222150,"['Air', 'Open Burning']",2024-02-16,2024-02-09,Cecil,Referred to LMA,21921,
1535,1536,222149,['Fugitive Dust/Particulate Matter'],2024-02-15,2024-02-15,Allegany,Incident Closed-Managed,21532,2024-09-23
1536,1537,222148,['Odor'],2024-02-09,2024-02-09,Baltimore City,Incident Closed-Managed,,2024-02-16
1537,1538,222147,['Odor'],2024-02-09,2024-02-09,Baltimore City,Incident Closed-Managed,,2024-02-16
1538,1539,222146,['Odor'],2024-02-08,2024-02-08,Baltimore City,Incident Closed-Managed,,2024-02-16
1539,1540,222145,['Odor'],2024-02-07,2024-02-07,Baltimore City,Incident Closed-Managed,,2024-02-16
1540,1541,222144,['Odor'],2024-02-06,2024-02-06,Baltimore City,Incident Closed-Managed,,2024-02-16
1541,1542,222143,['Smoke'],2024-02-02,2024-02-02,Baltimore City,Incident Closed-Managed,,2024-02-16
1542,1543,222142,['Odor'],2024-02-05,2024-02-05,Baltimore,Incident Closed-Managed,,2024-02-16
1543,1544,222141,['Odor'],2024-02-05,2024-02-05,Baltimore City,Incident Closed-Managed,,2024-02-16
1544,1545,222140,['Odor'],2024-02-02,2024-02-02,Baltimore,Incident Closed-Managed,,2024-02-16
1545,1546,222139,['Fugitive Dust/Particulate Matter'],2024-02-05,2024-02-03,Worcester,Incident Closed-Restored,21851,2024-02-05
1546,1547,222138,"['Air', 'Open Burning']",2024-02-07,2024-02-07,Cecil,Referred to LMA,21921,
1547,1548,222122,['Air'],2024-02-14,2024-02-14,Charles,Incident Closed-Managed,20601,2024-10-21
1548,1549,222121,['Smoke'],2024-02-06,2024-02-06,,Referred to Attorney General's Office,21226,
1549,1550,222116,['Odor'],2024-02-13,2024-02-08,Baltimore City,Incident Closed-Managed,21226,2024-02-14
1550,1551,222114,['Fugitive Dust/Particulate Matter'],2024-02-12,2024-02-12,Allegany,Incident Closed - No further action,21532,2024-02-16
1551,1552,222112,"['Air', 'Fumes']",2024-02-09,2023-12-22,Cecil,Referred to Outside Agency,21901,
1552,1553,222111,['Other'],2024-02-03,2024-02-03,Prince George's,Incident Closed-Managed,20785,2024-02-12
1553,1554,222110,['Other'],2024-02-10,2024-02-10,Prince George's,Incident Closed-Managed,,2024-02-12
1554,1555,222109,['Other'],2024-02-09,2024-02-09,Prince George's,Incident Closed-Managed,,2024-02-12
1555,1556,222108,['Air'],2024-02-09,2024-02-09,Anne Arundel,Incident Closed-No Violation Observed,21090,2024-02-14
1556,1557,222107,['Air'],2024-02-09,2024-02-09,Anne Arundel,Incident Closed-No Violation Observed,21090,2024-02-14
1557,1558,222106,['Odor'],2024-02-09,2023-12-26,Talbot,Referred to WMA,21652,
1558,1559,222096,['Air'],2024-02-06,2024-02-06,Anne Arundel,Incident Closed-No Violation Observed,21113,2024-02-08
1559,1560,222094,['Odor'],2024-01-27,2024-01-27,Baltimore City,Incident Closed-Managed,,2024-02-08
1560,1561,222093,['Odor'],2024-02-26,2024-01-26,Baltimore City,Incident Closed-Managed,,2024-02-08
1561,1562,222092,['Odor'],2024-01-26,2024-01-26,Baltimore City,Incident Closed-Managed,,2024-02-08
1562,1563,222091,['Smoke'],2024-01-26,2024-01-26,Baltimore City,Incident Closed-Managed,,2024-02-08
1563,1564,222090,['Odor'],2024-01-25,2024-01-25,Baltimore City,Incident Closed-Managed,,2024-02-08
1564,1565,222089,['Odor'],2024-01-23,2024-01-23,Baltimore City,Incident Closed-Managed,,2024-02-08
1565,1566,222088,['Odor'],2024-01-19,2024-01-19,Baltimore City,Incident Closed-Managed,,2024-02-08
1566,1567,222087,['Odor'],2024-01-16,2024-01-16,Baltimore City,Incident Closed-Managed,,2024-02-08
1567,1568,222086,['Odor'],2024-01-11,2024-01-11,Baltimore City,Incident Closed-Managed,,2024-02-08
1568,1569,222085,['Smoke'],2024-02-06,2024-02-06,,Referred to Attorney General's Office,21226,
1569,1570,222084,['Smoke'],2024-01-26,2024-01-26,,Referred to Attorney General's Office,21226,
1570,1571,222071,"['Air', 'Odor', 'Smoke']",2024-02-01,2024-02-01,Cecil,Referred to Outside Agency,21903,
1571,1572,222070,"['Air', 'Odor', 'Smoke']",2024-01-30,2024-01-30,Montgomery,Incident Closed-Managed,20852,2024-02-06
1572,1573,222068,['Other'],2024-02-05,2024-02-05,Not Yet Determined,Incident Closed-Managed,,2024-02-05
1573,1574,222067,['Other'],2024-02-01,2024-02-01,Prince George's,Incident Closed-Managed,,2024-02-05
1574,1575,222055,['Air'],2024-02-01,2024-02-01,Frederick,Referred to Attorney General's Office,21757,
1575,1576,222054,['Air'],2024-02-01,2024-02-01,Frederick,Incident Closed - No further action,21701,2024-05-30
1576,1577,222053,['Other'],2024-01-31,2024-01-31,Prince George's,Incident Closed-Managed,,2024-02-02
1577,1578,222052,['Other'],2024-01-31,2024-01-31,Howard,Incident Closed-Managed,,2024-02-02
1578,1579,222051,['Air'],2024-02-01,2024-02-01,Anne Arundel,Incident Closed-Managed,21122,2024-02-02
1579,1580,222044,['Odor'],2024-01-25,2024-01-25,Anne Arundel,Incident Closed - No further action,21226,2024-01-25
1580,1581,222043,['Odor'],2024-01-25,2024-01-25,Anne Arundel,Incident Closed - No further action,21226,2024-01-25
1581,1582,222036,['Other'],2024-01-30,2024-01-30,Prince George's,Incident Closed-Managed,,2024-02-02
1582,1583,222032,['Other'],2024-01-25,2024-01-25,Prince George's,Incident Closed-Managed,,2024-01-31
1583,1584,222027,['Fugitive Dust/Particulate Matter'],2024-01-26,,Baltimore,Incident Closed-Managed,21227,2024-01-29
1584,1585,222026,['Air'],2024-01-29,2024-01-29,Anne Arundel,Incident Closed-Managed,21054,2024-05-30
1585,1586,222022,['Air'],2024-01-26,2024-01-26,Anne Arundel,Incident Closed-No Violation Observed,21061,2024-01-26
1586,1587,222019,['Air'],2024-01-25,2024-01-25,Anne Arundel,Incident Closed-Managed,21060,2024-02-06
1587,1588,222016,['Fugitive Dust/Particulate Matter'],2024-01-24,,Baltimore,Incident Closed-Managed,21227,2024-01-29
1588,1589,222015,['Fugitive Dust/Particulate Matter'],2024-01-24,,Baltimore,Incident Closed-Managed,21227,2024-01-29
1589,1590,222014,['Air'],2024-01-25,2024-01-25,Anne Arundel,Under Investigation,,
1590,1591,222012,['Air'],2024-01-24,2024-01-24,Anne Arundel,Incident Closed-Managed,,2024-01-25
1591,1592,222010,['Smoke'],2024-01-03,2024-01-03,,Incident Closed-Managed,21230,2024-01-24
1592,1593,222009,['Smoke'],2024-01-24,2024-01-24,,Referred to Attorney General's Office,21226,
1593,1594,222008,"['Odor', 'Smoke']",2024-01-16,2024-01-13,,Referred to Attorney General's Office,21226,
1594,1595,222007,['Smoke'],2024-01-05,2024-01-05,,Referred to Attorney General's Office,21226,
1595,1596,222005,['Fugitive Dust/Particulate Matter'],2024-01-17,,Baltimore,Incident Closed-Managed,21227,2024-01-29
1596,1597,222004,['Fumes'],2024-01-18,,Baltimore,Incident Closed-Managed,21228,2024-01-24
1597,1598,222002,['Air'],2024-01-23,2024-01-23,Frederick,Incident Closed-No Violation Observed,21703,2024-02-07
1598,1599,221998,['Air'],2024-01-12,2024-01-12,Montgomery,Incident Closed - No further action,20904,2024-01-22
1599,1600,221996,['Other'],2024-01-18,2024-01-18,Prince George's,Incident Closed-Managed,20747,2024-01-22
1600,1601,211996,"['Air', 'Odor']",2024-01-17,2024-01-17,Cecil,Referred to LMA,21911,
1601,1602,211992,['Other'],2024-01-17,2024-01-17,Prince George's,Incident Closed-Managed,,2024-01-17
1602,1603,211985,['Other'],2024-01-11,2024-01-11,Caroline,Referred to Outside Agency,21660,
1603,1604,211984,['Other'],2024-01-10,2024-01-10,Caroline,Referred to WMA,21660,
1604,1605,211983,['Odor'],2024-01-08,2024-01-08,Baltimore City,Incident Closed - No further action,,2024-01-08
1605,1606,211973,['Other'],2024-01-11,2024-01-11,Prince George's,Incident Closed-Managed,,2024-01-12
1606,1607,211968,['Other'],2024-01-04,2024-01-04,Washington,Incident Closed - No further action,,2024-01-10
1607,1608,211967,['Smoke'],2023-12-27,2023-12-27,Allegany,Incident Closed - No further action,21502,2024-02-15
1608,1609,211964,"['Air', 'Odor']",2024-01-02,2024-01-02,Cecil,Incident Closed - No further action,,2024-01-09
1609,1610,211963,['Open Burning'],2024-01-03,2024-01-03,Wicomico,Incident Closed-No Violation Observed,21804,2024-01-04
1610,1611,211961,['Odor'],2024-01-06,,Baltimore,Incident Closed-Managed,,2024-01-09
1611,1612,211960,['Air'],2024-01-09,2024-01-08,Frederick,Referred to Attorney General's Office,21757,
1612,1613,211959,['Air'],2024-01-05,2024-01-05,Anne Arundel,Incident Closed-No Violation Observed,,2024-01-09
1613,1614,211956,['Other'],2024-01-05,2024-01-05,Prince George's,Incident Closed-Managed,,2024-01-17
1614,1615,211955,['Other'],2024-01-03,2024-01-03,Prince George's,Incident Closed-Managed,,2024-01-17
1615,1616,211949,['Odor'],2024-01-03,,Baltimore,Incident Not Applicable to MDE,,
1616,1617,211948,['Odor'],2024-01-03,,Baltimore,Incident Closed-Managed,,2024-01-04
1617,1618,211947,['Fumes'],2024-01-03,,Baltimore,Incident Closed - No further action,21222,2024-01-04
1618,1619,211938,['Other'],2023-12-22,2023-12-22,Howard,Incident Closed-Managed,,2024-01-03
1619,1620,211934,['Air'],2024-01-02,2024-01-02,Anne Arundel,Incident Closed-No Violation Observed,21061,2024-01-03
1620,1621,211932,['Air'],2023-12-27,2023-12-27,Anne Arundel,Incident Closed-Managed,,2023-12-28
1621,1622,211930,['Odor'],2023-12-27,,Baltimore,Incident Closed-Managed,,2024-01-09
1622,1623,211926,['Air'],2023-12-22,2023-12-22,Frederick,Incident Closed-No Violation Observed,21788,2024-01-03
1623,1624,211907,['Air'],2023-12-21,2023-12-21,Anne Arundel,Incident Closed-No Violation Observed,21403,2024-01-08
1624,1625,201907,['Air'],2023-12-20,2023-12-20,Queen Anne's,Incident Closed-Managed,21638,2023-12-21
1625,1626,201905,['Fugitive Dust/Particulate Matter'],2023-12-20,2023-12-20,Allegany,Incident Closed-Managed,21536,2024-09-23
1626,1627,201904,['Air'],2023-12-15,2023-12-15,Anne Arundel,Incident Closed-No Violation Observed,21054,2023-12-21
1627,1628,201899,['Other'],2023-12-18,2023-12-18,Prince George's,Incident Closed-Managed,,2023-12-20
1628,1629,201898,['Other'],2023-12-19,,Baltimore,Incident Closed - No further action,,2023-12-20
1629,1630,201894,['Odor'],2023-12-18,,Harford,Incident Closed-Managed,21001,2023-12-21
1630,1631,201889,['Fumes'],2023-12-13,,Baltimore,Referred to Outside Agency,,
1631,1632,201885,['Other'],2023-12-15,2023-12-15,Prince George's,Incident Closed-Managed,,2023-12-18
1632,1633,201883,['Other'],2023-12-14,2023-12-14,Howard,Incident Closed-Managed,,2023-12-18
1633,1634,201873,['Odor'],2023-12-10,2023-12-10,Baltimore City,Incident Closed-Managed,,2023-12-14
1634,1635,201872,['Odor'],2023-12-08,2023-12-08,Baltimore City,Incident Closed-Managed,,2023-12-14
1635,1636,201871,['Smoke'],2023-12-07,2023-12-07,Baltimore City,Incident Closed-Managed,,2023-12-14
1636,1637,201869,['Air'],2023-12-08,2023-12-08,Anne Arundel,Referred to WMA,21403,
1637,1638,201868,"['Air', 'Odor']",2023-12-13,2023-12-13,Cecil,Referred to LMA,21911,
1638,1639,201867,"['Air', 'Odor']",2023-12-12,2023-12-12,Cecil,Referred to LMA,21911,
1639,1640,201866,['Air'],2023-12-11,2023-12-11,Frederick,Referred to Attorney General's Office,21757,
1640,1641,201866,['Air'],2023-12-11,2023-12-11,Frederick,Referred to Attorney General's Office,21757,
1641,1642,201865,['Other'],2023-12-11,2023-12-11,Prince George's,Incident Closed-Managed,,2023-12-13
1642,1643,201864,['Other'],2023-12-11,2023-12-11,Prince George's,Incident Closed-Managed,,2023-12-13
1643,1644,201863,['Other'],2023-12-11,2023-12-11,Prince George's,Incident Closed-Managed,,2023-12-13
1644,1645,201862,['Other'],2023-12-11,2023-12-11,Prince George's,Incident Closed-Managed,,2023-12-13
1645,1646,201861,['Other'],2023-12-11,2023-12-11,Prince George's,Incident Closed-Managed,,2023-12-13
1646,1647,201860,['Other'],2023-12-11,2023-12-11,Prince George's,Incident Closed-Managed,,2023-12-13
1647,1648,201859,['Other'],2023-12-11,2023-12-11,Prince George's,Incident Closed-Managed,,2023-12-13
1648,1649,201858,['Other'],2023-12-11,2023-12-11,Prince George's,Incident Closed-Managed,,2023-12-13
1649,1650,201857,['Other'],2023-12-11,2023-12-11,Prince George's,Incident Closed-Managed,,2023-12-13
1650,1651,201856,['Other'],2023-12-08,2023-12-08,Prince George's,Incident Closed-Managed,,2023-12-20
1651,1652,201855,['Smoke'],2023-12-06,2023-12-06,Garrett,Incident Closed - No further action,21520,2024-02-09
1652,1653,201852,['Open Burning'],2023-12-05,2023-12-05,Washington,Incident Closed - No further action,21756,2023-12-12
1653,1654,201845,"['Air', 'Odor', 'Open Burning']",2023-12-11,2023-12-03,Montgomery,Referred to Outside Agency,20902,
1654,1655,201843,['Air'],2023-12-08,2023-12-08,Charles,Incident Closed - No further action,20601,2024-05-15
1655,1656,201842,['Air'],2023-12-05,2023-12-05,Anne Arundel,Referred to WMA,21403,
1656,1657,201841,['Air'],2023-12-07,2023-12-07,Charles,Incident Closed - No further action,20646,2024-05-15
1657,1658,201831,['Air'],2023-12-07,2023-12-07,Anne Arundel,Incident Closed - No further action,,2023-12-07
1658,1659,201830,['Air'],2023-12-04,2023-12-04,Frederick,Incident Closed-Managed,21788,2023-12-11
1659,1660,201829,['Air'],2023-12-07,2023-12-06,Charles,Incident Closed - No further action,20601,2024-05-15
1660,1661,201828,['Air'],2023-12-04,2023-12-04,Frederick,Incident Closed-No Violation Observed,21701,2023-12-11
1661,1662,201827,['Air'],2023-12-04,2023-12-04,Frederick,Referred to Attorney General's Office,21757,
1662,1663,201825,['Open Burning'],2023-12-01,2023-12-01,Wicomico,Incident Closed-Managed,21801,2024-10-21
1663,1664,201823,['Smoke'],2023-12-04,,Baltimore,Incident Closed - No further action,,2023-12-05
1664,1665,201822,['Odor'],2023-11-30,2023-11-30,Baltimore City,Incident Closed-Managed,,2023-12-05
1665,1666,201821,['Odor'],2023-11-25,2023-11-25,Baltimore City,Incident Closed-Managed,,2023-12-05
1666,1667,201820,['Odor'],2023-11-17,2023-11-17,Baltimore City,Incident Closed-Managed,,2023-12-05
1667,1668,201819,['Odor'],2023-11-15,2023-11-15,Baltimore City,Incident Closed-Managed,,2023-12-05
1668,1669,201818,['Odor'],2023-11-04,2023-11-04,Baltimore City,Incident Closed-Managed,,2023-12-05
1669,1670,201814,['Other'],2023-12-04,2023-11-29,Prince George's,Incident Closed-Managed,20781,2023-12-08
1670,1671,201810,"['Air', 'Fugitive Dust/Particulate Matter', 'Smoke']",2023-12-01,2023-12-01,Montgomery,Referred to Outside Agency,20902,
1671,1672,201809,['Air'],2023-12-01,2023-11-28,Anne Arundel,Incident Closed-Managed,21403,2023-12-08
1672,1673,191816,"['Air', 'Odor']",2023-11-30,2023-11-30,Cecil,Referred to LMA,21911,
1673,1674,191809,['Fumes'],2023-11-28,,Baltimore,Incident Not Applicable to MDE,,
1674,1675,191804,['Air Pollutant Release'],2023-11-28,2023-10-02,Montgomery,Incident Closed - No further action,20877,2023-12-12
1675,1676,191802,['Air'],2023-11-28,2023-11-27,Anne Arundel,Incident Closed - No further action,21114,2023-11-29
1676,1677,191794,['Air'],2023-11-27,2023-11-27,Frederick,Referred to Attorney General's Office,,
1677,1678,191793,"['Air', 'Odor']",2023-11-22,2023-11-22,Cecil,Referred to LMA,21911,
1678,1679,191783,['Other'],2023-11-21,2023-11-21,Prince George's,Incident Closed-Managed,,2023-11-22
1679,1680,191782,['Other'],2023-11-22,2023-11-21,Prince George's,Incident Closed-Managed,,2023-11-22
1680,1681,191781,['Other'],2023-11-21,2023-11-21,Prince George's,Incident Closed-Managed,,2023-11-22
1681,1682,191780,['Other'],2023-11-21,2023-11-21,Prince George's,Incident Closed-Managed,,2023-11-22
1682,1683,191779,['Other'],2023-11-20,2023-11-20,Prince George's,Incident Closed-Managed,,2023-11-22
1683,1684,191778,['Other'],2023-11-21,2023-11-21,Prince George's,Incident Closed-Managed,,2023-11-22
1684,1685,191777,['Other'],2023-11-20,2023-11-20,Prince George's,Incident Closed-Managed,,2023-11-22
1685,1686,191776,['Other'],2023-11-21,2023-11-21,Prince George's,Incident Closed-Managed,,2023-11-22
1686,1687,191775,['Other'],2023-11-21,2023-11-21,Prince George's,Incident Closed-Managed,,2023-11-22
1687,1688,191774,"['Air', 'Fugitive Dust/Particulate Matter']",2023-10-19,2023-10-19,Cecil,Incident Closed-Managed,21919,2023-11-21
1688,1689,191773,"['Air', 'Odor']",2023-11-16,2023-11-16,Cecil,Referred to Outside Agency,21911,
1689,1690,191772,['Odor'],2023-11-21,,St. Mary's,Referred to Outside Agency,,
1690,1691,191769,['Fugitive Dust/Particulate Matter'],2023-11-21,2023-11-21,Washington,Incident Closed-Managed,21742,2024-09-23
1691,1692,191766,['Air'],2023-11-21,2023-11-21,Anne Arundel,Referred to Attorney General's Office,,
1692,1693,191760,['Odor'],2023-11-17,,Baltimore,Incident Closed-Managed,,2023-11-20
1693,1694,191759,['Other'],2023-11-17,2023-11-17,Prince George's,Incident Closed-Managed,,2023-11-20
1694,1695,191758,['Other'],2023-11-18,2023-11-18,Prince George's,Incident Closed-Managed,,2023-11-20
1695,1696,191757,['Other'],2023-11-19,2023-11-19,Prince George's,Incident Closed-Managed,,2023-11-20
1696,1697,191756,['Other'],2023-11-19,2023-11-19,Prince George's,Incident Closed-Managed,,2023-11-20
1697,1698,191754,['Other'],2023-11-19,2023-11-19,Prince George's,Incident Closed-Managed,,2023-11-20
1698,1699,191748,"['Air', 'Smoke']",2023-11-16,2023-11-16,Carroll,Incident Closed-Managed,,2023-11-16
1699,1700,191747,"['Air', 'Odor']",2023-11-15,2023-11-13,Cecil,Referred to Outside Agency,21911,
1700,1701,191746,['Air'],2023-11-16,2023-11-16,Anne Arundel,Referred to WMA,21403,
1701,1702,191741,['Fumes'],2023-11-13,,Harford,Incident Closed-No Violation Observed,21017,2023-11-30
1702,1703,191739,['Air'],2023-11-13,2023-11-13,Anne Arundel,Incident Not Applicable to MDE,21225,
1703,1704,191738,['Air'],2023-11-14,2023-11-12,Anne Arundel,Under Investigation,,
1704,1705,191737,['Air'],2023-11-11,2023-11-11,Frederick,Incident Closed-Managed,21701,2023-11-14
1705,1706,191736,"['Fugitive Dust/Particulate Matter', 'Smoke']",2023-11-07,2023-11-07,Washington,Incident Closed-Managed,21740,2024-03-19
1706,1707,191735,['Air'],2023-11-08,2023-11-08,Anne Arundel,Incident Closed - No further action,21122,2023-11-14
1707,1708,191731,['Air'],2023-11-13,2023-11-10,Anne Arundel,Under Investigation,,
1708,1709,191730,['Air'],2023-11-13,2023-11-10,Anne Arundel,Under Investigation,,
1709,1710,191729,['Air'],2023-11-10,2023-11-10,Anne Arundel,Under Investigation,21060,
1710,1711,191726,['Air'],2023-11-10,2023-11-10,Frederick,Referred to Attorney General's Office,,
1711,1712,191720,['Other'],2023-11-07,2023-11-07,Prince George's,Incident Closed-Managed,20784,2023-11-08
1712,1713,191718,['Other'],2023-11-03,2023-11-03,Prince George's,Incident Closed-Managed,20746,2023-12-08
1713,1714,191715,"['Air', 'Open Burning']",2023-11-06,2023-11-06,Carroll,Referred to Outside Agency,21158,
1714,1715,191713,['Odor'],2023-11-03,,Baltimore,Incident Not Applicable to MDE,,
1715,1716,191712,['Odor'],2023-11-02,,Baltimore,Referred to Outside Agency,,
1716,1717,191711,['Other'],2023-11-03,2023-11-03,Prince George's,Incident Closed-Managed,,2023-11-05
1717,1718,191710,['Other'],2023-10-30,2023-10-30,Prince George's,Incident Closed-Managed,,2023-11-03
1718,1719,191707,['Air'],2023-11-02,2023-11-02,Frederick,Incident Closed - No further action,21769,2023-11-16
1719,1720,191706,['Air'],2023-11-03,2023-11-02,Anne Arundel,Under Investigation,,
1720,1721,191705,['Air'],2023-11-03,2023-10-31,Charles,Incident Closed - No further action,,2023-11-03
1721,1722,191704,['Odor'],2023-10-30,2023-10-30,Baltimore City,Incident Closed-Managed,,2023-11-02
1722,1723,191703,['Odor'],2023-10-29,2023-10-29,Baltimore City,Incident Closed-Managed,,2023-11-02
1723,1724,191702,['Odor'],2023-11-28,2023-10-28,Baltimore City,Incident Closed-Managed,,2023-11-02
1724,1725,191700,['Odor'],2023-10-27,2023-10-27,Baltimore City,Incident Closed-Managed,,2023-11-02
1725,1726,191699,['Odor'],2023-11-01,2023-11-01,Washington,Incident Closed - No further action,21740,2023-11-02
1726,1727,191697,['Fugitive Dust/Particulate Matter'],2023-10-26,2023-10-26,Washington,Incident Closed-Managed,21742,2024-09-23
1727,1728,191696,['Fugitive Dust/Particulate Matter'],2023-10-26,2023-10-26,Washington,Incident Closed-Managed,21742,2024-09-23
1728,1729,191693,['Air'],2023-11-01,2023-10-31,Frederick,Referred to Attorney General's Office,,
1729,1730,191692,['Air'],2023-10-31,2023-10-31,Anne Arundel,Incident Closed - No further action,21144,2023-11-14
1730,1731,191690,['Air'],2023-11-01,2023-10-30,Anne Arundel,Incident Not Applicable to MDE,,
1731,1732,191689,['Air'],2023-11-01,2023-10-26,Anne Arundel,Under Investigation,,
1732,1733,191686,"['Air', 'Odor']",2023-10-31,2023-10-27,Baltimore,Incident Closed-Managed,21224,2023-10-31
1733,1734,191684,['Other'],2023-10-24,2023-10-24,Baltimore City,Incident Closed-Managed,,2023-10-31
1734,1735,191683,['Odor'],2023-10-24,2023-10-24,Baltimore City,Incident Closed-Managed,,2023-10-31
1735,1736,191682,['Odor'],2023-10-19,2023-10-19,Baltimore City,Incident Closed-Managed,,2023-10-31
1736,1737,191681,['Air Pollutant Release'],2023-10-16,2023-10-16,Baltimore City,Incident Closed - No further action,,2023-10-31
1737,1738,191680,['Air'],2023-10-11,2023-05-06,Baltimore City,Incident Closed-Managed,21226,2023-10-31
1738,1739,191677,"['Air', 'Fumes', 'Odor']",2023-10-26,2023-10-26,Carroll,Incident Closed-Managed,21048,2023-10-30
1739,1740,191675,['Air'],2023-10-30,2023-10-30,Frederick,Incident Closed - No further action,,2023-10-30
1740,1741,191674,['Air'],2023-10-30,2023-10-28,Anne Arundel,Incident Closed - No further action,21037,2023-11-01
1741,1742,191671,['Other'],2023-10-24,2023-10-24,Prince George's,Incident Closed-Managed,,2023-10-27
1742,1743,191667,['Air'],2023-10-26,2023-10-26,Frederick,Clean-up Initiated,,
1743,1744,191665,['Odor'],2023-10-12,2023-10-12,Baltimore City,Incident Closed-Managed,,2023-10-25
1744,1745,191664,['Odor'],2023-10-05,2023-10-05,Baltimore City,Incident Closed-Managed,,2023-10-25
1745,1746,191663,['Odor'],2023-09-26,2023-09-26,Baltimore City,Incident Closed-Managed,,2023-10-25
1746,1747,191662,['Odor'],2023-09-27,2023-09-27,Baltimore City,Incident Closed-Managed,,2023-10-25
1747,1748,191661,['Odor'],2023-09-20,2023-09-20,Baltimore City,Incident Closed-Managed,,2023-10-25
1748,1749,191660,['Odor'],2023-09-12,2023-09-12,Baltimore City,Incident Closed-Managed,,2023-10-25
1749,1750,191659,['Fugitive Dust/Particulate Matter'],2023-09-11,2023-09-11,Baltimore City,Incident Closed-Managed,,2023-10-25
1750,1751,191658,['Odor'],2023-09-11,2023-09-11,Baltimore City,Incident Closed-Managed,,2023-10-25
1751,1752,191657,['Odor'],2023-09-09,2023-09-09,Baltimore City,Incident Closed-Managed,,2023-10-25
1752,1753,191656,['Fugitive Dust/Particulate Matter'],2023-09-08,2023-09-08,Baltimore City,Incident Closed-Managed,,2023-10-25
1753,1754,191655,['Odor'],2023-09-07,2023-09-07,Baltimore City,Incident Closed-Managed,,2023-10-25
1754,1755,191650,['Air'],2023-10-25,2023-10-25,Frederick,Clean-up Initiated,,
1755,1756,191648,['Noise Complaint'],2023-10-23,,Baltimore,Incident Not Applicable to MDE,,
1756,1757,191646,['Air'],2023-10-24,2023-10-24,Frederick,Clean-up Initiated,,
1757,1758,191644,['Air'],2023-10-24,2023-10-24,Frederick,Clean-up Initiated,,
1758,1759,191643,['Air'],2023-10-24,2023-10-23,Charles,Under Investigation,,
1759,1760,191638,['Other'],2023-10-19,2023-10-19,Prince George's,Incident Closed-Managed,20743,2023-10-20
1760,1761,191637,"['Fugitive Dust/Particulate Matter', 'Smoke']",2023-10-18,2023-10-05,Allegany,Incident Closed - No further action,21540-109,2024-02-02
1761,1762,191635,['Other'],2023-10-19,2023-10-19,Prince George's,Incident Closed-Managed,,2023-10-20
1762,1763,191634,['Fugitive Dust/Particulate Matter'],2023-10-18,2023-10-18,Washington,Incident Closed-No Violation Observed,21742,2024-09-23
1763,1764,181632,['Air'],2023-10-19,2023-10-19,St. Mary's,Incident Not Applicable to MDE,,
1764,1765,181626,['Air'],2023-10-18,2023-10-16,Anne Arundel,Incident Closed-No Violation Observed,21037,2023-10-23
1765,1766,181625,['Air'],2023-10-16,2023-10-16,Frederick,Incident Closed - No further action,,2023-10-19
1766,1767,181624,['Air'],2023-10-17,2023-10-17,Anne Arundel,Incident Closed - No further action,,2023-10-18
1767,1768,181622,['Other'],2023-10-16,,Baltimore,Incident Closed-Managed,,2023-10-17
1768,1769,181621,['Odor'],2023-10-15,,Baltimore,Incident Closed-No Violation Observed,,2023-10-17
1769,1770,181617,"['Air', 'Odor', 'Open Burning', 'Smoke']",2023-10-10,2023-10-10,Cecil,Incident Closed-Managed,21919,2023-10-16
1770,1771,181616,"['Air', 'Fugitive Dust/Particulate Matter', 'Other', 'Suspected Operation without Permit']",2023-10-11,2023-10-11,Cecil,Incident Closed-Managed,21901,2023-11-21
1771,1772,181615,"['Air', 'Fumes', 'Odor']",2023-10-13,2023-10-13,Montgomery,Incident Closed-Managed,20852,2023-10-16
1772,1773,181613,['Other'],2023-10-11,2023-10-11,Allegany,Incident Closed - No further action,,2023-10-16
1773,1774,181612,['Other'],2023-10-10,2023-10-10,Allegany,Incident Closed - No further action,,2023-10-16
1774,1775,181611,['Smoke'],2023-09-27,2023-09-27,Allegany,Incident Closed - No further action,21562,2023-11-21
1775,1776,181609,['Air'],2023-10-13,2023-10-13,Anne Arundel,Incident Not Applicable to MDE,,
1776,1777,181607,['Other'],2023-10-05,2023-10-05,Prince George's,Incident Closed-Managed,,2023-10-13
1777,1778,181606,['Other'],2023-10-05,2023-10-05,Prince George's,Incident Closed-Managed,,2023-11-05
1778,1779,181605,['Other'],2023-10-03,2023-10-03,Prince George's,Incident Closed-Managed,,2023-10-13
1779,1780,181598,['Air'],2023-10-11,2023-10-11,Frederick,Incident Closed-Clean-up Completed,21701,2023-10-13
1780,1781,181596,['Fugitive Dust/Particulate Matter'],2023-10-03,2023-10-03,Kent,Incident Closed-No Violation Observed,,2023-10-06
1781,1782,181595,['Odor'],2023-10-09,,Baltimore,Incident Closed-No Violation Observed,21093,2023-10-17
1782,1783,181594,['Smoke'],2023-10-10,,Baltimore,Incident Not Applicable to MDE,,
1783,1784,181593,['Air'],2023-10-10,2023-10-09,Frederick,Clean-up Initiated,21757,
1784,1785,181588,['Air'],2023-10-05,2023-10-05,Frederick,Incident Closed - No further action,21771,2023-10-06
1785,1786,181587,['Air'],2023-10-03,2023-10-03,Frederick,Incident Closed - No further action,,2023-10-20
1786,1787,181586,['Air'],2023-10-04,2023-10-04,Frederick,Clean-up Initiated,21757,
1787,1788,181585,"['Air', 'Odor']",2023-10-05,2023-10-04,Baltimore,Incident Closed-Managed,21224,2023-10-05
1788,1789,181584,['Odor'],2023-10-04,,Harford,Incident Not Applicable to MDE,,
1789,1790,181582,['Odor'],2023-10-04,2023-10-04,Cecil,Referred to Outside Agency,21911,
1790,1791,181579,['Air'],2023-10-04,2023-10-04,Frederick,Clean-up Initiated,,
1791,1792,181578,['Other'],2023-10-02,2023-10-02,Prince George's,Incident Closed-Managed,,2023-10-04
1792,1793,181577,['Other'],2023-08-29,2023-09-29,Prince George's,Incident Closed-Managed,,2023-10-04
1793,1794,181574,['Odor'],2023-10-03,,Baltimore,Incident Closed-Managed,,2023-10-03
1794,1795,181573,['Air'],2023-10-03,2023-10-03,Frederick,Incident Closed-No Violation Observed,21701,2023-10-13
1795,1796,181572,['Air'],2023-10-03,2023-09-29,Anne Arundel,Incident Closed-Managed,21060,2023-10-02
1796,1797,181571,['Air'],2023-10-03,2023-09-29,Anne Arundel,Incident Closed-Managed,21054,2026-02-19
1797,1798,181567,['Odor'],2023-10-01,,Baltimore,Incident Closed-Managed,,2023-10-03
1798,1799,181566,"['Air', 'Asbestos Complaint']",2023-10-02,2023-10-02,Montgomery,Referred to Outside Agency,,
1799,1800,181554,['Air'],2023-09-27,2023-09-27,Frederick,Clean-up Initiated,,
1800,1801,181551,['Air'],2023-09-26,2023-09-25,Frederick,Clean-up In Progress,,
1801,1802,181546,['Other'],2023-09-25,2023-09-18,Howard,Incident Closed-Managed,,2023-09-25
1802,1803,181544,['Other'],2023-09-15,2023-09-15,Allegany,Incident Closed - No further action,,2023-09-22
1803,1804,181543,['Air'],2023-09-22,2023-09-21,Not Yet Determined,Incident Not Applicable to MDE,,
1804,1805,181532,"['Air', 'Fumes', 'Odor']",2023-09-21,2023-03-22,Montgomery,Incident Closed-Managed,20837,2024-11-19
1805,1806,181531,['Air'],2023-09-21,2023-09-21,Charles,Incident Not Applicable to MDE,,
1806,1807,181530,['Air'],2023-09-21,2023-09-19,Frederick,Incident Closed-No Violation Observed,,2023-09-21
1807,1808,181529,['Air'],2023-09-21,2023-09-19,Anne Arundel,Incident Closed - No further action,21054,2023-11-21
1808,1809,181528,['Air'],2023-09-21,2023-09-18,Frederick,Clean-up Initiated,,
1809,1810,181526,['Fugitive Dust/Particulate Matter'],2023-09-18,,Baltimore,Incident Closed - No further action,21162,2023-09-28
1810,1811,181525,['Smoke'],2023-09-18,,Harford,Incident Closed-Managed,,2023-09-19
1811,1812,181517,['Air'],2023-09-18,2023-09-12,Frederick,Clean-up In Progress,,
1812,1813,181516,['Air'],2023-09-18,2023-09-06,Anne Arundel,Incident Closed - No further action,,2023-09-18
1813,1814,181515,['Air'],2023-09-18,2023-09-05,Anne Arundel,Under Investigation,,
1814,1815,181514,['Odor'],2023-09-14,2023-09-14,Carroll,Referred to Outside Agency,,
1815,1816,181512,['Non-Tidal Wetlands/Waterway'],2023-09-12,2023-09-12,Washington,Referred to WMA,,
1816,1817,181510,['Other'],2023-09-08,2023-09-08,Not Yet Determined,Incident Closed - No further action,,2023-09-22
1817,1818,181491,['Odor'],2023-09-08,2023-09-08,Dorchester,Incident Closed - No further action,21835,2023-09-08
1818,1819,181490,['Odor'],2023-09-08,2023-09-08,Dorchester,Incident Closed - No further action,21835,2023-09-08
1819,1820,181489,['Odor'],2023-09-08,2023-09-08,Dorchester,Incident Closed - No further action,21835,2023-09-08
1820,1821,181488,['Odor'],2023-09-08,2023-09-08,Dorchester,Incident Closed - No further action,21835,2023-09-08
1821,1822,181487,['Odor'],2023-08-29,2023-08-29,Dorchester,Incident Closed - No further action,21835,2023-09-29
1822,1823,181483,['Other'],2023-09-11,2023-09-11,Washington,Incident Closed-Managed,,2023-09-11
1823,1824,181482,['Other'],2023-09-11,2023-09-10,Prince George's,Incident Closed-Managed,,2023-09-15
1824,1825,181480,['Smoke'],2023-09-11,,Baltimore,Incident Closed - No further action,21228,2023-09-20
1825,1826,181479,['Odor'],2023-09-08,,Baltimore,Incident Closed-Managed,,2023-09-11
1826,1827,181478,['Fugitive Dust/Particulate Matter'],2023-09-08,,Baltimore,Incident Closed-No Violation Observed,,2023-09-11
1827,1828,181462,['Fumes'],2023-09-05,,Harford,Incident Closed-Managed,,2023-09-07
1828,1829,181459,['Odor'],2023-09-01,2023-09-01,Baltimore City,Incident Closed-Managed,,2023-09-05
1829,1830,181458,['Odor'],2023-08-28,2023-08-28,Baltimore City,Incident Closed-Managed,,2023-09-05
1830,1831,181457,['Odor'],2023-08-23,2023-08-23,Baltimore City,Incident Closed-Managed,,2023-09-05
1831,1832,181456,['Odor'],2023-08-23,2023-08-23,Baltimore City,Incident Closed-Managed,,2023-09-05
1832,1833,181455,['Odor'],2023-08-17,2023-08-17,Baltimore City,Incident Closed-Managed,,2023-09-05
1833,1834,181454,['Odor'],2023-08-14,2023-08-14,Baltimore City,Incident Closed-Managed,,2023-09-05
1834,1835,181453,['Odor'],2023-07-24,2023-07-24,Baltimore City,Incident Closed-Managed,,2023-09-05
1835,1836,181452,['ARA AQCP non-regulated entity'],2023-07-21,2023-07-21,Baltimore City,Incident Closed - No further action,,2023-09-05
1836,1837,181451,['Odor'],2023-07-20,2023-07-20,Baltimore City,Incident Closed-Managed,,2023-09-05
1837,1838,181442,['Other'],2023-08-30,2023-08-30,Prince George's,Incident Closed-Managed,,2023-09-15
1838,1839,181440,['Other'],2023-08-30,2023-08-30,Prince George's,Incident Closed-Managed,,2023-09-15
1839,1840,181427,['Other'],2023-08-28,2023-08-28,Prince George's,Incident Closed-Managed,20782,2023-08-30
1840,1841,181426,['Other'],2023-08-25,2023-08-25,Prince George's,Incident Closed-Managed,,2023-08-30
1841,1842,181425,['Other'],2023-08-18,2023-08-18,Prince George's,Incident Closed-Managed,,2023-08-18
1842,1843,181424,['Other'],2023-08-17,2023-08-17,Prince George's,Incident Closed-Managed,,2023-08-30
1843,1844,181422,['Air'],2023-08-29,2023-08-29,Frederick,Incident Closed-Managed,,2023-08-29
1844,1845,181421,['Air'],2023-08-29,2023-08-28,Frederick,Incident Closed-Managed,,2023-08-29
1845,1846,181420,['Air'],2023-08-29,2023-08-28,Anne Arundel,Incident Closed - No further action,,2023-08-29
1846,1847,181419,['Air'],2023-08-29,2023-08-28,Charles,Under Investigation,,
1847,1848,181418,['Other'],2023-08-28,2023-08-28,Frederick,Referred to WMA,21788,
1848,1849,181416,['Odor'],2023-08-22,2023-08-22,Dorchester,Incident Closed - No further action,21835,2023-08-22
1849,1850,181412,['Other'],2023-08-17,2023-08-17,Howard,Incident Closed-Managed,20794,2023-08-28
1850,1851,181403,['Open Burning'],2023-08-21,,Harford,Incident Closed-Managed,,2023-08-22
1851,1852,181391,['Noise Complaint'],2023-08-17,2023-08-16,Anne Arundel,Incident Not Applicable to MDE,,
1852,1853,181379,['Other'],2023-08-10,2023-08-10,Prince George's,Incident Closed-Managed,,2023-08-14
1853,1854,181376,['Odor'],2023-08-14,2023-08-14,Dorchester,Referred to WMA,21643,
1854,1855,181375,"['Fugitive Dust/Particulate Matter', 'Smoke']",2023-08-11,2023-08-11,Washington,Incident Closed-No Violation Observed,21740,2024-09-23
1855,1856,181372,['Odor'],2023-08-10,2023-08-10,Anne Arundel,Incident Closed - No further action,,2023-08-10
1856,1857,181371,['Odor'],2023-08-11,2023-08-09,Baltimore City,Incident Closed - No further action,,2023-08-14
1857,1858,181365,['Odor'],2023-08-07,2023-08-05,Dorchester,Incident Closed-No Violation Observed,21643,2023-08-08
1858,1859,181349,['Other'],2023-08-07,2023-08-07,Not Yet Determined,Incident Closed - No further action,,2023-08-08
1859,1860,181348,['Other'],2023-08-02,2023-08-02,Garrett,Incident Closed - No further action,21550,2023-08-08
1860,1861,181343,['Other'],2023-08-07,2023-08-07,Not Yet Determined,Incident Closed-Managed,,2023-08-07
1861,1862,181327,['Odor'],2023-07-31,2023-07-31,Dorchester,Incident Closed - No further action,21643,2023-07-31
1862,1863,181314,['Air'],2023-07-27,2023-07-27,Charles,Under Investigation,,
1863,1864,181313,['Odor'],2023-07-26,,Baltimore,Incident Closed - No further action,,2023-07-27
1864,1865,181311,['Fugitive Dust/Particulate Matter'],2023-07-24,2023-07-24,Washington,Incident Closed-No Violation Observed,21740,2024-09-23
1865,1866,181307,['Odor'],2023-07-26,,Baltimore,Incident Closed - No further action,,2023-07-27
1866,1867,181304,['Odor'],2023-07-15,2023-07-15,Baltimore City,Incident Closed-Managed,,2023-07-25
1867,1868,181303,['Fugitive Dust/Particulate Matter'],2023-07-13,2023-07-13,Baltimore City,Incident Closed-Managed,,2023-07-25
1868,1869,181302,['Odor'],2023-07-09,2023-07-09,Baltimore City,Incident Closed-Managed,,2023-07-25
1869,1870,181301,['Odor'],2023-07-07,2023-07-07,Baltimore City,Incident Closed-Managed,,2023-07-25
1870,1871,181300,['Odor'],2023-07-06,2023-07-06,Baltimore City,Incident Closed-Managed,,2023-07-25
1871,1872,181297,['Odor'],2023-06-26,2023-06-26,Baltimore City,Incident Closed-Managed,,2023-07-25
1872,1873,181296,['Air'],2023-06-24,2023-06-24,Baltimore City,Incident Closed - No further action,,2023-07-25
1873,1874,181295,['Odor'],2023-06-22,2023-06-22,Baltimore City,Incident Closed-Managed,,2023-07-25
1874,1875,181294,['Odor'],2023-06-16,2023-06-16,Baltimore City,Incident Closed-Managed,,2023-07-25
1875,1876,181293,['Odor'],2023-07-12,2023-06-12,Baltimore City,Incident Closed-Managed,,2023-07-25
1876,1877,181292,['Fugitive Dust/Particulate Matter'],2023-06-06,2023-06-06,Baltimore City,Incident Closed - No further action,,2023-07-25
1877,1878,181291,['Odor'],2023-06-05,2023-06-05,Baltimore City,Incident Closed-Managed,,2023-07-25
1878,1879,181290,['Odor'],2023-06-02,2023-06-02,Baltimore City,Incident Closed-Managed,,2023-07-25
1879,1880,181289,['Smoke'],2023-07-24,,Harford,Incident Closed-Managed,,2023-07-31
1880,1881,181284,['Air'],2023-07-17,2022-11-30,Montgomery,Incident Closed-Managed,20879,2024-10-18
1881,1882,181283,"['Air', 'Fugitive Dust/Particulate Matter', 'Odor']",2023-07-14,2023-07-14,Montgomery,Referred to Outside Agency,,
1882,1883,181278,"['Odor', 'Open Burning', 'Smoke']",2023-07-11,2023-07-10,Allegany,Incident Closed-Managed,21501,2023-07-21
1883,1884,171278,['Air'],2023-07-20,2023-07-20,Frederick,Under Investigation,,
1884,1885,171263,"['Odor', 'Open Burning', 'Smoke']",2023-07-06,2023-06-28,Garrett,Incident Closed - No further action,21550,2024-01-31
1885,1886,171261,"['Odor', 'Open Burning', 'Smoke']",2023-07-06,2023-06-16,Garrett,Incident Closed - No further action,21531,2024-01-31
1886,1887,171257,['Air'],2023-07-17,2023-07-17,Frederick,Under Investigation,21757,
1887,1888,171251,['Air'],2023-07-13,2023-07-13,Prince George's,Incident Closed-No Violation Observed,,2023-07-13
1888,1889,171247,['Open Burning'],2023-07-03,2023-07-03,Wicomico,Incident Closed-No Violation Observed,21804,2023-07-06
1889,1890,171235,['Other'],2023-07-06,2023-07-06,Howard,Incident Closed-Managed,,2023-07-10
1890,1891,171234,['Air'],2023-07-10,2023-07-06,Anne Arundel,Incident Closed-Managed,21054,2023-07-17
1891,1892,171233,['Air'],2023-07-10,2023-07-05,Anne Arundel,Incident Closed-Managed,21122,2023-07-17
1892,1893,171232,['Air'],2023-07-10,2023-07-03,Anne Arundel,Incident Closed-Clean-up Completed,21401,2023-07-14
1893,1894,171231,['Air'],2023-07-10,2023-07-06,Frederick,Incident Closed-No Violation Observed,21770,2023-07-14
1894,1895,171223,['Other'],2023-07-05,2023-07-05,Prince George's,Incident Closed-Managed,,2023-07-07
1895,1896,171218,['Other'],2023-06-29,2023-06-29,Howard,Incident Closed-Managed,,2023-07-05
1896,1897,171217,['Other'],2023-06-28,2023-06-28,Prince George's,Incident Closed-Managed,,2023-07-05
1897,1898,171212,['Air'],2023-06-30,2023-06-29,Anne Arundel,Incident Closed - No further action,,2023-06-30
1898,1899,171211,['Smoke'],2023-06-29,,Harford,Incident Closed - No further action,,2023-06-30
1899,1900,171210,"['Air', 'Odor']",2023-06-29,2023-06-29,Carroll,Referred to Outside Agency,21158,
1900,1901,171206,['Odor'],2023-06-27,,Baltimore,Incident Not Applicable to MDE,,
1901,1902,171205,['Air'],2023-06-28,2023-06-28,Statewide,Incident Closed-Managed,,2023-06-29
1902,1903,171195,['Air'],2023-06-28,2023-06-28,Baltimore,Incident Closed - No further action,,2023-06-28
1903,1904,171188,['Fumes'],2023-06-26,,Harford,Incident Closed-Managed,,2023-06-29
1904,1905,171187,['Air'],2023-06-27,2023-06-27,Charles,Under Investigation,,
1905,1906,171180,['Other'],2023-06-26,2023-06-26,Not Yet Determined,Incident Closed-Managed,,2023-07-07
1906,1907,171155,['Air'],2023-06-23,2023-06-23,Frederick,Under Investigation,,
1907,1908,161146,['Fugitive Dust/Particulate Matter'],2023-06-21,,Baltimore,Incident Closed - No further action,,2023-06-21
1908,1909,161144,['Air'],2023-06-21,2023-06-20,Frederick,Under Investigation,,
1909,1910,161143,['Air'],2023-06-21,2023-06-19,Frederick,Under Investigation,,
1910,1911,161141,['Odor'],2023-06-20,2023-06-15,Washington,Referred to WMA,21782,
1911,1912,161135,"['Air', 'Fugitive Dust/Particulate Matter']",2023-06-06,2023-05-22,Cecil,Incident Closed-Managed,21904,2023-06-15
1912,1913,161134,['Air'],2023-06-15,2023-06-13,Anne Arundel,Incident Closed-Managed,20794,2023-06-16
1913,1914,161132,['Open Burning'],2023-06-12,2023-06-12,Cecil,Referred to Outside Agency,21921,
1914,1915,161130,['Fugitive Dust/Particulate Matter'],2023-06-14,,Baltimore,Incident Closed-No Violation Observed,,2023-06-23
1915,1916,161125,['Fugitive Dust/Particulate Matter'],2023-06-14,,Baltimore,Incident Closed-No Violation Observed,,2023-06-23
1916,1917,161116,['Open Burning'],2023-06-05,2023-06-05,Carroll,Referred to Outside Agency,21771,
1917,1918,161115,['Air'],2023-06-12,2023-06-12,Frederick,Under Investigation,,
1918,1919,161112,['Other'],2023-06-07,2023-06-07,Howard,Incident Closed-Managed,,2023-08-07
1919,1920,161111,['Other'],2023-06-06,2023-06-06,Howard,Incident Closed-Managed,,2023-06-12
1920,1921,161106,['Fugitive Dust/Particulate Matter'],2023-06-02,2023-06-02,Allegany,Incident Closed - No further action,,2024-01-31
1921,1922,161105,['Odor'],2023-06-09,,Harford,Referred to Outside Agency,,
1922,1923,161104,['Air'],2023-06-08,,Harford,Incident Closed-Managed,,2023-06-09
1923,1924,161102,['Open Burning'],2023-06-06,2023-06-06,Wicomico,Incident Closed-No Violation Observed,21801,2023-06-06
1924,1925,161102,['Open Burning'],2023-06-06,2023-06-06,Wicomico,Incident Closed-No Violation Observed,21822,2023-06-06
1925,1926,161101,['Fugitive Dust/Particulate Matter'],2023-06-07,2023-06-07,Dorchester,Incident Closed-Managed,21664,2023-06-08
1926,1927,161093,['Air'],2023-06-08,2023-06-07,Frederick,Under Investigation,,
1927,1928,161092,['Air'],2023-06-08,2023-06-05,Frederick,Incident Closed - No further action,,2023-06-08
1928,1929,161089,['Fugitive Dust/Particulate Matter'],2023-05-19,2023-05-10,Washington,Incident Closed-No Violation Observed,21740,2024-03-19
1929,1930,161086,['Non-Tidal Wetlands/Waterway'],2023-05-17,2023-05-17,Allegany,Incident Closed - No further action,21539,2023-06-08
1930,1931,161081,['Odor'],2023-06-01,2023-06-01,Baltimore City,Incident Closed-Managed,,2023-06-07
1931,1932,161080,['Odor'],2023-05-31,2023-05-31,Baltimore City,Incident Closed-Managed,,2023-06-07
1932,1933,161079,['Odor'],2023-05-29,2023-05-29,Baltimore City,Incident Closed-Managed,,2023-06-07
1933,1934,161078,['Odor'],2023-05-28,2023-05-28,Baltimore City,Incident Closed-Managed,,2023-06-07
1934,1935,161077,['Odor'],2023-05-27,2023-05-27,Baltimore City,Incident Closed-Managed,,2023-06-07
1935,1936,161076,['Odor'],2023-05-24,2023-05-24,Baltimore City,Incident Closed-Managed,,2023-06-07
1936,1937,161075,['Odor'],2023-05-19,2023-05-19,Baltimore City,Incident Closed-Managed,,2023-06-07
1937,1938,161074,['Odor'],2023-05-18,2023-05-18,Baltimore City,Incident Closed-Managed,,2023-06-07
1938,1939,161073,['Fugitive Dust/Particulate Matter'],2023-05-17,2023-05-17,Baltimore City,Incident Closed-Managed,,2023-06-07
1939,1940,161072,['Fugitive Dust/Particulate Matter'],2023-05-16,2023-05-16,Baltimore City,Incident Closed-Managed,,2023-06-07
1940,1941,161071,['Odor'],2023-05-10,2023-05-10,Baltimore City,Incident Closed-Managed,,2023-06-07
1941,1942,161070,['Odor'],2023-05-09,2023-05-09,Baltimore City,Incident Closed-Managed,,2023-06-07
1943,1944,161065,['Odor'],2023-05-08,2023-05-08,Baltimore City,Incident Closed-Managed,,2023-06-06
1944,1945,161064,['Other'],2023-06-05,2023-06-05,Howard,Incident Closed-Managed,,2023-06-06
1945,1946,161063,['Other'],2023-06-01,2023-06-01,Prince George's,Incident Closed-Managed,,2023-06-06
1946,1947,161062,['Odor'],2023-05-07,2023-05-07,Baltimore City,Incident Closed-Managed,,2023-06-06
1947,1948,161061,['Other'],2023-06-01,2023-06-01,Howard,Incident Closed-Managed,21075,2023-06-06
1948,1949,161060,['Odor'],2023-05-06,2023-05-06,Baltimore City,Incident Closed-Managed,,2023-06-06
1949,1950,161059,['Other'],2023-05-31,2023-05-31,Howard,Incident Closed-Managed,21075,2023-06-06
1950,1951,161058,['Other'],2023-05-23,2023-05-23,Howard,Incident Closed-Managed,21075,2023-06-06
1951,1952,161057,['Odor'],2023-05-05,2023-05-05,Baltimore City,Incident Closed-Managed,,2023-06-06
1952,1953,161055,['Air'],2023-06-06,2023-06-03,Anne Arundel,Under Investigation,,
1953,1954,161054,['Air'],2023-06-06,2023-06-02,Anne Arundel,Incident Closed-No Violation Observed,,2023-10-27
1954,1955,161042,['Air'],2023-06-02,2023-06-02,Frederick,Under Investigation,,
1955,1956,161041,['Air'],2023-06-02,2023-05-31,Frederick,Under Investigation,,
1956,1957,161040,['Air'],2023-06-02,2023-05-26,Frederick,Under Investigation,,
1957,1958,161035,['Air'],2023-06-02,2023-06-01,Anne Arundel,Under Investigation,,
1958,1959,161034,['Air'],2023-06-02,2023-05-31,Anne Arundel,Incident Closed - No further action,,2023-06-02
1959,1960,161033,['Air'],2023-06-02,2023-05-31,Anne Arundel,Incident Closed-No Violation Observed,21113,2023-06-02
1960,1961,161032,['Air'],2023-06-02,2023-05-30,Anne Arundel,Incident Closed - No further action,,2023-06-02
1961,1962,161031,['Air'],2023-06-02,2023-05-26,Anne Arundel,Incident Closed-No Violation Observed,21113,2023-06-12
1962,1963,161030,['Other'],2023-06-01,,St. Mary's,Incident Closed - No further action,,2023-06-02
1963,1964,161027,"['Air', 'Fugitive Dust/Particulate Matter']",2023-05-31,2023-05-31,Montgomery,Referred to Outside Agency,20912,
1964,1965,161012,"['Air', 'Fumes', 'Odor']",2023-05-25,2023-05-25,Montgomery,Incident Closed-Managed,20837,2024-11-19
1965,1966,161012,"['Air', 'Fumes', 'Odor']",2023-05-25,2023-05-25,Montgomery,Incident Closed-Managed,20853,2024-11-19
1966,1967,161008,['Other'],2023-05-25,,Baltimore,Incident Closed - No further action,,2023-05-26
1967,1968,161002,['Air'],2023-05-24,2023-05-24,Frederick,Under Investigation,,
1968,1969,161000,"['Fumes', 'Odor', 'Smoke']",2023-05-23,2023-05-23,Wicomico,Incident Closed-Managed,21801,2023-05-24
1969,1970,160992,['Odor'],2023-05-22,2023-05-13,Baltimore,Incident Closed - No further action,21222,2023-05-22
1970,1971,160990,"['Air', 'Fumes', 'Odor']",2023-05-19,2023-05-19,Montgomery,Incident Closed-Managed,20837,2024-11-19
1971,1972,160989,"['Air', 'Fumes', 'Odor']",2023-05-19,2023-05-19,Montgomery,Incident Closed-Managed,20853,2024-11-19
1972,1973,160989,"['Air', 'Fumes', 'Odor']",2023-05-19,2023-05-19,Montgomery,Incident Closed-Managed,20837,2024-11-19
1973,1974,160986,['Fumes'],2023-05-18,,Baltimore,Referred to Outside Agency,,
1974,1975,160982,['Air'],2023-05-19,2023-05-18,Frederick,Incident Closed - No further action,,2023-11-17
1975,1976,160982,['Air'],2023-05-19,2023-05-18,Frederick,Incident Closed - No further action,,2023-11-17
1976,1977,160981,['Air'],2023-05-19,2023-05-17,Anne Arundel,Incident Closed - No further action,,2023-05-19
1977,1978,150983,"['Air', 'Fumes', 'Odor']",2023-05-16,2023-05-16,Montgomery,Incident Closed-Managed,20853,2024-11-19
1978,1979,150983,"['Air', 'Fumes', 'Odor']",2023-05-16,2023-05-16,Montgomery,Incident Closed-Managed,20837,2024-11-19
1979,1980,150982,"['Air', 'Fumes', 'Odor']",2023-05-16,2023-05-16,Montgomery,Incident Closed-Managed,20853,2024-11-19
1980,1981,150981,['Air'],2023-05-09,2023-05-09,Montgomery,Incident Closed-Managed,20879,2023-05-18
1981,1982,150978,['Odor'],2023-05-04,2023-05-04,Dorchester,Incident Closed - No further action,21835,2023-05-04
1982,1983,150977,['Fumes'],2023-05-16,,Baltimore,Incident Closed-Managed,,2023-05-17
1983,1984,150965,"['Air', 'Fumes', 'Odor']",2023-05-15,2023-05-15,Montgomery,Incident Closed-Managed,20837,2024-11-19
1984,1985,150964,['Fumes'],2023-05-15,,Baltimore,Incident Closed-Managed,,2023-05-17
1985,1986,150963,['Odor'],2023-05-15,,Baltimore,Referred to Outside Agency,,
1986,1987,150958,['Air'],2023-05-15,2023-05-12,Frederick,Incident Closed - No further action,,2023-05-15
1987,1988,150957,['Air'],2023-05-15,2023-05-09,Frederick,Under Investigation,,
1988,1989,150956,['Air'],2023-05-15,2023-05-08,Anne Arundel,Incident Closed-No Violation Observed,,2023-05-15
1989,1990,150951,['Smoke'],2023-05-12,2023-03-09,Harford,Incident Closed - No further action,,2023-05-12
1990,1991,150950,['Smoke'],2023-05-12,2023-03-09,Harford,Incident Closed - No further action,,2023-05-12
1991,1992,150949,['Smoke'],2023-05-12,2023-03-09,Harford,Incident Closed - No further action,,2023-05-12
1992,1993,150947,"['Air', 'Fumes', 'Odor']",2023-05-11,2023-05-11,Montgomery,Incident Closed-Managed,20837,2024-11-19
1993,1994,150946,['Air'],2023-05-12,2023-05-11,Charles,Incident Closed-No Violation Observed,20601,2023-06-14
1994,1995,150945,"['Air', 'Fumes', 'Odor']",2023-05-07,2023-05-07,Montgomery,Incident Closed-Managed,20837,2024-11-19
1995,1996,150941,['Odor'],2023-04-07,2023-04-07,Howard,Incident Closed - No further action,20723,2023-04-07
1996,1997,150938,"['Air', 'Other']",2023-04-20,2023-04-20,Carroll,Referred to Outside Agency,21776-811,
1997,1998,150932,['Other'],2023-05-08,2023-05-08,Prince George's,Incident Closed-Managed,,2023-05-10
1998,1999,150931,['Other'],2023-05-03,2023-05-03,Prince George's,Incident Closed-Managed,,2023-06-14
1999,2000,150930,['Fugitive Dust/Particulate Matter'],2023-04-20,2023-04-20,Baltimore City,Incident Closed-Managed,,2023-05-09
2000,2001,150929,['Odor'],2023-04-26,2023-04-26,Baltimore City,Incident Closed-Managed,,2023-05-09
2001,2002,150928,['Odor'],2023-04-23,2023-04-23,Baltimore City,Incident Closed-Managed,,2023-05-09
2002,2003,150927,['Odor'],2023-04-22,2023-04-22,Baltimore City,Incident Closed-Managed,,2023-05-09
2003,2004,150926,['Odor'],2023-04-21,2023-04-21,Baltimore City,Incident Closed-Managed,,2023-05-09
2004,2005,150925,['Air'],2023-05-09,2023-05-09,Frederick,Under Investigation,,
2005,2006,150916,['Air'],2023-05-08,2023-05-04,Anne Arundel,Incident Closed-No Violation Observed,,2023-05-08
2006,2007,150915,['Air'],2023-05-08,2023-05-04,Anne Arundel,Incident Closed - No further action,,2023-05-19
2007,2008,150914,['Air'],2023-05-08,2023-05-03,Anne Arundel,Incident Closed - No further action,,2023-05-19
2008,2009,150902,['Open Burning'],2023-05-03,2023-05-03,Somerset,Incident Closed-No Violation Observed,21853,2023-05-03
2009,2010,150896,['Odor'],2023-05-02,,Baltimore,Incident Closed-No Violation Observed,21093,2023-05-08
2010,2011,150894,"['Air', 'Other']",2023-05-01,2023-05-01,Cecil,Incident Closed - No further action,,2023-05-02
2011,2012,150891,['Other'],2023-04-28,2023-04-28,Cecil,Referred to Outside Agency,21901,
2012,2013,150887,['Air'],2023-05-01,2023-04-28,Anne Arundel,Incident Closed - No further action,,2023-05-05
2013,2014,150886,['Air'],2023-05-01,2023-04-26,Anne Arundel,Under Investigation,,
2014,2015,150867,['Other'],2023-04-27,,Baltimore,Incident Closed-Managed,,2023-04-27
2015,2016,150864,"['Air', 'Fugitive Dust/Particulate Matter']",2023-04-20,2023-04-20,Montgomery,Incident Closed-Managed,20852,2023-04-27
2016,2017,150854,"['Open Burning', 'Smoke']",2023-04-19,2023-04-19,Worcester,Incident Closed-No Violation Observed,21851,2023-05-02
2017,2018,150854,"['Open Burning', 'Smoke']",2023-04-19,2023-04-19,Worcester,Incident Closed-No Violation Observed,21851,2023-05-02
2018,2019,150854,"['Open Burning', 'Smoke']",2023-04-19,2023-04-19,Worcester,Incident Closed-No Violation Observed,21851,2023-05-02
2019,2020,150854,"['Open Burning', 'Smoke']",2023-04-19,2023-04-19,Worcester,Incident Closed-No Violation Observed,21851,2023-05-02
2020,2021,150854,"['Open Burning', 'Smoke']",2023-04-19,2023-04-19,Worcester,Incident Closed-No Violation Observed,21851,2023-05-02
2021,2022,150848,['Open Burning'],2023-04-23,,Harford,Incident Closed-Managed,,2023-04-28
2022,2023,150843,['Odor'],2023-04-16,2023-04-16,Baltimore City,Incident Closed-Managed,,2023-04-21
2023,2024,150842,['Odor'],2023-04-03,2023-04-03,Baltimore City,Incident Closed-Managed,,2023-04-21
2024,2025,150841,['Odor'],2023-03-29,2023-03-29,Baltimore City,Incident Closed-Managed,,2023-04-21
2025,2026,150840,['Odor'],2023-03-27,2023-03-27,Baltimore City,Incident Closed-Managed,,2023-04-21
2026,2027,150839,['Odor'],2023-03-26,2023-03-26,Baltimore City,Incident Closed-Managed,,2023-04-21
2027,2028,150837,['Odor'],2023-03-25,2023-03-25,Baltimore City,Incident Closed-Managed,,2023-04-21
2028,2029,140835,['Fugitive Dust/Particulate Matter'],2023-04-19,,Baltimore,Incident Closed - No further action,,2023-04-24
2029,2030,140834,['Air'],2023-04-20,2023-04-20,Anne Arundel,Incident Closed-No Violation Observed,,2023-05-05
2032,2033,140827,['Other'],2023-04-12,2023-04-12,Prince George's,Incident Closed-Managed,,2023-04-19
2033,2034,140826,['Air'],2023-04-19,2023-04-19,Frederick,Under Investigation,,
2034,2035,140816,['Air'],2023-04-17,2023-04-17,Frederick,Under Investigation,,
2035,2036,140809,['Odor'],2023-04-14,,Baltimore,Incident Closed - No further action,,2023-04-14
2036,2037,140797,['Other'],2023-04-09,2023-04-09,Prince George's,Incident Closed-Managed,,2023-04-12
2037,2038,140796,['Other'],2023-04-09,2023-04-09,Prince George's,Incident Closed-Managed,,2023-04-12
2038,2039,140795,['Other'],2023-04-10,2023-04-10,Prince George's,Incident Closed-Managed,,2023-04-12
2039,2040,140792,['Other'],2023-04-12,2023-04-04,Prince George's,Incident Closed-Managed,,2023-04-12
2040,2041,140791,['Other'],2023-04-04,2023-04-04,Prince George's,Incident Closed-Managed,,2023-04-12
2041,2042,140782,"['Air', 'Fumes', 'Odor']",2023-04-10,2023-04-10,Montgomery,Referred to Outside Agency,20837,
2042,2043,140781,"['Air', 'Fumes', 'Odor']",2023-03-30,2023-03-30,Montgomery,Referred to Outside Agency,20837,
2043,2044,140780,"['Air', 'Fumes', 'Other']",2023-03-30,2023-03-30,Montgomery,Referred to Outside Agency,20847,
2044,2045,140778,['Air'],2023-04-10,2023-04-10,Frederick,Incident Closed - No further action,21757,2023-04-10
2045,2046,140777,"['Fumes', 'Open Burning', 'Smoke']",2023-03-31,2023-03-31,Cecil,Referred to Outside Agency,21919,
2046,2047,140776,"['Open Burning', 'Smoke']",2023-03-31,2023-03-31,Cecil,Referred to Outside Agency,21921,
2047,2048,140775,['Fugitive Dust/Particulate Matter'],2023-04-05,2023-04-05,Cecil,Incident Closed - No further action,,2023-04-07
2048,2049,140774,"['Open Burning', 'Smoke']",2023-04-05,2023-04-05,Cecil,Referred to Outside Agency,21919,
2049,2050,140773,['Smoke'],2023-04-05,,St. Mary's,Incident Closed-Managed,,2023-04-07
2050,2051,140772,['Smoke'],2023-04-03,,St. Mary's,Incident Closed-Managed,,2023-04-07
2051,2052,140771,"['Air', 'Odor', 'Smoke']",2023-04-06,2023-04-06,Montgomery,Referred to Outside Agency,,
2052,2053,140769,['Smoke'],2023-04-05,2023-04-05,Wicomico,Incident Closed - No further action,21849,2023-04-06
2053,2054,140768,"['Fumes', 'Smoke']",2023-04-05,2023-04-05,Garrett,Incident Closed-Managed,21536,2023-05-26
2054,2055,140767,['Asbestos Complaint'],2023-03-21,2023-03-21,Allegany,Referred to ARA,21501,
2055,2056,140766,['Other'],2023-03-17,2023-03-17,Allegany,Incident Closed - No further action,,2023-04-06
2056,2057,140765,['Asbestos Complaint'],2023-03-10,2023-03-10,Allegany,Referred to ARA,,
2058,2059,140761,['Odor'],2023-04-05,2023-03-30,Baltimore City,Incident Closed - No further action,21231,2023-04-07
2059,2060,140760,['Air'],2023-04-05,2023-04-05,Anne Arundel,Incident Closed-No Violation Observed,,2023-04-05
2060,2061,140757,['Odor'],2023-03-24,2023-03-24,Dorchester,Incident Closed - No further action,21835,2023-03-24
2061,2062,140756,['Odor'],2023-04-03,2023-04-03,Baltimore City,Incident Closed - No further action,21224,2023-04-03
2062,2063,140752,['Air'],2023-04-04,2023-04-03,Frederick,Incident Closed-Managed,,2023-06-21
2063,2064,140751,['Air'],2023-04-04,2023-04-02,Anne Arundel,Incident Closed-No Violation Observed,,2023-04-04
2064,2065,140750,"['Air', 'Fumes', 'Odor']",2023-03-31,2023-03-31,Cecil,Incident Closed-Managed,21920,2023-04-03
2065,2066,140734,['Air'],2023-03-31,2023-03-29,Frederick,Incident Closed-Managed,21757,2023-06-21
2066,2067,140732,['Other'],2023-03-29,2023-03-29,Prince George's,Incident Closed-Managed,,2023-03-31
2067,2068,140729,['Other'],2023-03-29,,Baltimore,Incident Closed - No further action,,2023-03-30
2068,2069,140728,['Smoke'],2023-03-28,,Baltimore,Referred to Outside Agency,,
2069,2070,140726,"['Odor', 'Smoke']",2023-03-30,2023-03-26,Caroline,Referred to Outside Agency,21629,
2070,2071,140716,"['Air', 'Fumes', 'Odor']",2023-03-27,2023-03-27,Montgomery,Referred to Outside Agency,20837,
2071,2072,140715,['Other'],2023-03-27,2023-03-27,Prince George's,Incident Closed-Managed,,2023-03-29
2072,2073,140714,['Odor'],2023-03-27,2023-03-27,Howard,Incident Closed-Managed,21075,2023-06-06
2073,2074,140713,['Odor'],2023-03-24,2023-03-24,Dorchester,Incident Closed-Managed,21835,2023-03-24
2074,2075,140712,"['Air', 'Fumes', 'Odor']",2023-03-27,2023-03-27,Montgomery,Incident Closed-Managed,20837,2024-11-19
2075,2076,140710,"['Air', 'Fumes', 'Odor', 'Smoke']",2023-03-27,2023-03-27,Montgomery,Incident Closed-Managed,,2023-03-28
2076,2077,140709,"['Air', 'Fumes', 'Smoke']",2023-03-27,2023-03-27,Montgomery,Incident Closed-Managed,,2023-03-28
2077,2078,140708,"['Air', 'Fumes', 'Odor']",2023-03-22,2023-03-22,Montgomery,Referred to Outside Agency,20837,
2078,2079,140707,['Air'],2023-03-28,2023-03-26,Anne Arundel,Incident Closed-Managed,21060,2023-10-13
2079,2080,140706,['Air'],2023-03-28,2023-03-27,Anne Arundel,Incident Closed - No further action,,2023-03-28
2080,2081,140705,['Air'],2023-03-28,2023-03-28,Not Yet Determined,Referred to Outside Agency,,
2081,2082,140704,"['Fumes', 'Odor', 'Open Burning']",2023-03-22,2023-03-22,Carroll,Referred to Outside Agency,21776,
2082,2083,140700,['Fugitive Dust/Particulate Matter'],2023-03-26,,Harford,Incident Closed-No Violation Observed,21001,2023-03-27
2083,2084,140696,['Odor'],2023-03-22,2023-03-22,Anne Arundel,Incident Closed - No further action,21226,2023-03-22
2084,2085,140690,['Fugitive Dust/Particulate Matter'],2023-03-23,,Harford,Incident Closed-No Violation Observed,,2023-03-27
2085,2086,140676,['Air'],2023-03-22,2023-03-22,Anne Arundel,Incident Closed - No further action,,2023-03-22
2086,2087,140674,['Fugitive Dust/Particulate Matter'],2023-03-21,,Baltimore,Incident Closed-No Violation Observed,,2023-03-28
2087,2088,140673,['Smoke'],2023-03-18,,Baltimore,Incident Closed-No Violation Observed,21228,2023-03-22
2088,2089,140671,['Air'],2023-03-22,2023-03-22,Frederick,Under Investigation,21757,
2089,2090,140670,['Air'],2023-03-22,2023-03-21,Frederick,Under Investigation,21757,
2090,2091,140654,['Air'],2023-03-20,2023-03-20,Anne Arundel,Incident Closed - No further action,,2023-03-28
2091,2092,140652,['Other'],2023-03-15,2023-03-13,Queen Anne's,Incident Closed-Managed,21638,2023-03-15
2092,2093,140651,['Open Burning'],2023-03-14,2023-03-14,Somerset,Incident Closed-Managed,21853,2023-03-15
2093,2094,140649,['Odor'],2023-03-17,2023-03-17,Baltimore City,Incident Closed-Managed,,2023-03-17
2094,2095,140648,['Odor'],2023-03-12,2023-03-12,Baltimore City,Incident Closed-Managed,,2023-03-17
2095,2096,140647,['Odor'],2023-03-10,2023-03-10,Baltimore City,Incident Closed-Managed,,2023-03-17
2096,2097,140646,['Fumes'],2023-03-17,,Baltimore,Incident Closed - No further action,,2023-03-17
2097,2098,140645,['Other'],2023-03-13,,St. Mary's,Incident Closed - No further action,,2023-03-17
2098,2099,140644,['Other'],2023-03-13,,Baltimore,Incident Closed - No further action,,2023-03-17
2099,2100,140640,['Odor'],2023-03-10,2023-03-10,Dorchester,Incident Closed - No further action,21835,2023-03-10
2103,2104,140634,['Air'],2023-03-15,2023-03-10,Anne Arundel,Incident Closed-Managed,21060,2024-10-23
2107,2108,140627,"['Air', 'Odor', 'Smoke']",2023-03-13,2023-03-13,Montgomery,Referred to Outside Agency,,
2109,2110,140624,['Air'],2023-03-13,2023-03-10,Anne Arundel,Incident Closed-No Violation Observed,,2023-03-13
2110,2111,140618,['Air'],2023-03-10,2023-03-09,Anne Arundel,Incident Closed - No further action,21060,2024-10-23
2111,2112,140616,['Odor'],2023-03-10,,Baltimore,Incident Closed - No further action,,2023-03-10
2116,2117,140607,['Air'],2023-03-10,2023-03-09,Anne Arundel,Under Investigation,21122,
